-- Recommendation: Execute script in order.

-- News:
INSERT INTO news(title, message, image_source, image_alt, created_on) VALUES ('Gabriela los aprobo', 'Gabriela Arévalo aprobó a todos los alumnos de la materia Práctica de desarrollo de software porque pudo ver que son todos muy buenos profesionales.','https://www.uniagustiniana.edu.co/sites/default/files/styles/noticia_imagen_min_width_992px/public/noticias/2019-10/grado1.jpg?itok=Dy2atdiC', 'recibidos-unq-image','2022-06-28 14:30:00'::timestamp);
INSERT INTO news(title, message, image_source, image_alt, created_on) VALUES ('Vampiros en la Unque', 'Se reportaron varios acontecimientos extraños en los pasillos de la UNQUE, algunos alumnos aseguran haber visto sujetos colmilludos merodeando cerca del laboratorio de Biotecnología.', 'https://static.eldiario.es/clip/0fe5d46c-ca93-41d6-8c17-c333d1793ab8_16-9-aspect-ratio_default_0.jpg', 'vampiros-unq-image', '2022-05-18 14:30:00'::timestamp);
INSERT INTO news(title, message, image_source, image_alt, created_on) VALUES ('Confirmado: Fidel es un robot', 'Los últimos estudios entre alumnos logro determinar que Fidel es un Super Robot llamado Lambda creado en lo que fue una vez la URSS.', 'https://i.ytimg.com/vi/goDjvGP_1o0/maxresdefault.jpg', 'img-fidel-alt', '2022-05-10 12:30:00'::timestamp);

-- Validation Configuration (only prerequisite subjects -correlativas-)
INSERT INTO configurable_validation(validation, active) VALUES (0, true);

-- Users: (password = 'asd123')
INSERT INTO users(dni, email, first_name, last_name, role, legajo, password) VALUES ('11111111', 'alumno@gmail.com', 'Henry', 'Rice', 1, '34627', '$2a$10$Zob6s32CjqlljykztJfjU.sbCZLRZuXuvPqB4LcuhTrkuLKoUdvBC');
INSERT INTO users(dni, email, first_name, last_name, role, legajo, password) VALUES ('11111112', 'lio@gmail.com', 'Lionel', 'Messi', 1, '34628', '$2a$10$iD0BZtv59tgM60XESMFGwOegZy8bbvjH/O4FPUhlc5AI5zMu4DTYC');
INSERT INTO users(dni, email, first_name, last_name, role, legajo, password) VALUES ('11111113', 'jose.cassano@alu.unq.edu.ar', 'Alan', 'Turing', 1, '34629', '$2a$10$iD0BZtv59tgM60XESMFGwOegZy8bbvjH/O4FPUhlc5AI5zMu4DTYC');
INSERT INTO users(dni, email, first_name, last_name, role, legajo, password) VALUES ('99999999', 'pepegrillo@gmail.com', 'Pepe', 'Grillo', 1, '99999', '$2a$10$iD0BZtv59tgM60XESMFGwOegZy8bbvjH/O4FPUhlc5AI5zMu4DTYC');
INSERT INTO users(dni, email, first_name, last_name, role, legajo, password) VALUES ('22222222', 'director@gmail.com', 'director', 'director', 2, null, '$2a$10$iD0BZtv59tgM60XESMFGwOegZy8bbvjH/O4FPUhlc5AI5zMu4DTYC');

-- Degrees:
INSERT INTO degrees(acronym, name) VALUES ('TPI', 'Tecnicatura en Programación Informática');
INSERT INTO degrees(acronym, name) VALUES ('LI', 'Licenciatura en Informática');

INSERT INTO external_degrees(degree_id, guarani_code) VALUES (1, 'P');
INSERT INTO external_degrees(degree_id, guarani_code) VALUES (2, 'W');

-- Modules:
INSERT INTO modules(name) VALUES ('Ciclo Introductorio');
INSERT INTO modules(name) VALUES ('Núcleo Básico');
INSERT INTO modules(name) VALUES ('Cursos Básicos');
INSERT INTO modules(name) VALUES ('Cursos Avanzados');
INSERT INTO modules(name) VALUES ('Núcleo de orientación');
INSERT INTO modules(name) VALUES ('Seminario Final');
INSERT INTO modules(name) VALUES ('Taller de Formación Humanística');
INSERT INTO modules(name) VALUES ('Otros requerimientos');

-- Relation with Users and Degrees
INSERT INTO student_enrolled_degree(student_id, degree_id) VALUES (1,1);
INSERT INTO student_enrolled_degree(student_id, degree_id) VALUES (1,2);

INSERT INTO student_enrolled_degree(student_id, degree_id) VALUES (2,1);
INSERT INTO student_enrolled_degree(student_id, degree_id) VALUES (2,2);

INSERT INTO student_enrolled_degree(student_id, degree_id) VALUES (3,1);
INSERT INTO student_enrolled_degree(student_id, degree_id) VALUES (3,2);

INSERT INTO student_enrolled_degree(student_id, degree_id) VALUES (4,1);

-- Studied degrees (must exist one per student_enrolled_degree)
INSERT INTO studied_degrees(student_id, degree_id, coefficient, plan, registry_state, quality, is_regular, location) VALUES (1, 1, 4.0, '2015', 0, 0, true, 'Bernal');
INSERT INTO studied_degrees(student_id, degree_id, coefficient, plan, registry_state, quality, is_regular, location) VALUES (1, 2, 3.0, '2015', 0, 0, true, 'Bernal');

INSERT INTO studied_degrees(student_id, degree_id, coefficient, plan, registry_state, quality, is_regular, location) VALUES (2, 1, 3.0, '2015', 0, 0, true, 'Bernal');
INSERT INTO studied_degrees(student_id, degree_id, coefficient, plan, registry_state, quality, is_regular, location) VALUES (2, 2, 5.0, '2015', 0, 0, true, 'Bernal');

INSERT INTO studied_degrees(student_id, degree_id, coefficient, plan, registry_state, quality, is_regular, location) VALUES (3, 1, 9.0, '2015', 0, 0, true, 'Bernal');
INSERT INTO studied_degrees(student_id, degree_id, coefficient, plan, registry_state, quality, is_regular, location) VALUES (3, 2, 8.0, '2015', 0, 0, true, 'Bernal');

INSERT INTO studied_degrees(student_id, degree_id, coefficient, plan, registry_state, quality, is_regular, location) VALUES (4, 1, 7.0, '2015', 0, 0, true, 'Bernal');

-- Subjects:

INSERT INTO subjects(name, module_id) VALUES ('Lectura y escritura académica', 1);
INSERT INTO subjects(name, module_id) VALUES ('Matemática', 1);
INSERT INTO subjects(name, module_id) VALUES ('Elementos de programación y lógica', 1);
INSERT INTO subjects(name, module_id) VALUES ('Matemática I', 2);
INSERT INTO subjects(name, module_id) VALUES ('Introducción a la Programación', 2);
INSERT INTO subjects(name, module_id) VALUES ('Organización de Computadoras', 2);
INSERT INTO subjects(name, module_id) VALUES ('Estructuras de Datos', 2);
INSERT INTO subjects(name, module_id) VALUES ('Programación con Objetos I', 2);
INSERT INTO subjects(name, module_id) VALUES ('Bases de Datos', 2);
INSERT INTO subjects(name, module_id) VALUES ('Matemática II', 2);
INSERT INTO subjects(name, module_id) VALUES ('Programación con Objetos II', 2);
INSERT INTO subjects(name, module_id) VALUES ('Redes de Computadoras', 2);
INSERT INTO subjects(name, module_id) VALUES ('Sistemas Operativos', 2);
INSERT INTO subjects(name, module_id) VALUES ('Programación Funcional', 2);
INSERT INTO subjects(name, module_id) VALUES ('Construcción de Interfaces de Usuario', 2);
INSERT INTO subjects(name, module_id) VALUES ('Algoritmos', 2);
INSERT INTO subjects(name, module_id) VALUES ('Estrategias de Persistencia', 2);
INSERT INTO subjects(name, module_id) VALUES ('Laboratorio de Sistemas Operativos y Redes', 2);
INSERT INTO subjects(name, module_id) VALUES ('Análisis Matemático I', 3);
INSERT INTO subjects(name, module_id) VALUES ('Lógica y Programación', 3);
INSERT INTO subjects(name, module_id) VALUES ('Elementos de Ingeniería de Software', 3);
INSERT INTO subjects(name, module_id) VALUES ('Seguridad de la Información', 3);
INSERT INTO subjects(name, module_id) VALUES ('Matemática III', 3);
INSERT INTO subjects(name, module_id) VALUES ('Programación Concurrente', 3);
INSERT INTO subjects(name, module_id) VALUES ('Ingeniería de Requerimientos', 3);
INSERT INTO subjects(name, module_id) VALUES ('Práctica del Desarrollo de Software', 3);
INSERT INTO subjects(name, module_id) VALUES ('Probabilidad y Estadística', 3);
INSERT INTO subjects(name, module_id) VALUES ('Gestión de Proyectos de Software', 3);
INSERT INTO subjects(name, module_id) VALUES ('Lenguajes Formales y Autómatas', 3);
INSERT INTO subjects(name, module_id) VALUES ('Programación con Objetos III', 4);
INSERT INTO subjects(name, module_id) VALUES ('Teoría de la Computación', 4);
INSERT INTO subjects(name, module_id) VALUES ('Arquitectura de Software I', 4);
INSERT INTO subjects(name, module_id) VALUES ('Sistemas Distribuidos', 4);
INSERT INTO subjects(name, module_id) VALUES ('Características de Lenguajes de Programación', 4);
INSERT INTO subjects(name, module_id) VALUES ('Arquitectura de Software II', 4);
INSERT INTO subjects(name, module_id) VALUES ('Arquitectura de Computadoras', 4);
INSERT INTO subjects(name, module_id) VALUES ('Parseo y generación de código', 4);
INSERT INTO subjects(name, module_id) VALUES ('Aspectos Legales y Sociales', 4);
INSERT INTO subjects(name, module_id) VALUES ('Bases de Datos II', 5);
INSERT INTO subjects(name, module_id) VALUES ('Participación y Gestión en Proyectos de Software Libre', 5);
INSERT INTO subjects(name, module_id) VALUES ('Introducción a la Bioinformática', 5);
INSERT INTO subjects(name, module_id) VALUES ('Políticas Públicas en la Sociedad de la Información y la Era Digital', 5);
INSERT INTO subjects(name, module_id) VALUES ('Sistemas de Información Geográfica', 5);
INSERT INTO subjects(name, module_id) VALUES ('Herramientas Declarativas en Programación', 5);
INSERT INTO subjects(name, module_id) VALUES ('Introducción al Desarrollo de Videojuegos', 5);
INSERT INTO subjects(name, module_id) VALUES ('Derechos de Autor y Derechos de Copia en la Era Digital', 5);
INSERT INTO subjects(name, module_id) VALUES ('Análisis Estático de Programas y Herramientas Asociadas', 5);
INSERT INTO subjects(name, module_id) VALUES ('Seminarios', 5);
INSERT INTO subjects(name, module_id) VALUES ('Semántica de Lenguajes de Programación', 5);
INSERT INTO subjects(name, module_id) VALUES ('Seminarios sobre Herramientas o Técnicas Puntuales', 5);
INSERT INTO subjects(name, module_id) VALUES ('Taller de Trabajo Intelectual', 7);
INSERT INTO subjects(name, module_id) VALUES ('Taller de Trabajo Universitario', 7);
INSERT INTO subjects(name, module_id) VALUES ('Inglés I', 8);
INSERT INTO subjects(name, module_id) VALUES ('Inglés II', 8);
INSERT INTO subjects(name, module_id) VALUES ('Desarrollo de Aplicaciones', 5);
INSERT INTO subjects(name, module_id) VALUES ('Introducción a la Programación Cuántica', 5);
INSERT INTO subjects(name, module_id) VALUES ('Redes Neuronales', 5);
INSERT INTO subjects(name, module_id) VALUES ('Ciencia de Datos', 5);

INSERT INTO external_subjects(subject_id, guarani_code) VALUES (1, '80000');
INSERT INTO external_subjects(subject_id, guarani_code) VALUES (2, '80003');
INSERT INTO external_subjects(subject_id, guarani_code) VALUES (3, '80005');
INSERT INTO external_subjects(subject_id, guarani_code) VALUES (4, '1033');
INSERT INTO external_subjects(subject_id, guarani_code) VALUES (5, '487');
INSERT INTO external_subjects(subject_id, guarani_code) VALUES (6, '1032');
INSERT INTO external_subjects(subject_id, guarani_code) VALUES (7, '1036');
INSERT INTO external_subjects(subject_id, guarani_code) VALUES (8, '1034');
INSERT INTO external_subjects(subject_id, guarani_code) VALUES (9, '1035');
INSERT INTO external_subjects(subject_id, guarani_code) VALUES (10, '1041');
INSERT INTO external_subjects(subject_id, guarani_code) VALUES (11, '1037');
INSERT INTO external_subjects(subject_id, guarani_code) VALUES (12, '1038');
INSERT INTO external_subjects(subject_id, guarani_code) VALUES (13, '1039');
INSERT INTO external_subjects(subject_id, guarani_code) VALUES (14, '1045');
INSERT INTO external_subjects(subject_id, guarani_code) VALUES (15, '1043');
INSERT INTO external_subjects(subject_id, guarani_code) VALUES (16, '1307');
INSERT INTO external_subjects(subject_id, guarani_code) VALUES (17, '1044');
INSERT INTO external_subjects(subject_id, guarani_code) VALUES (18, '1047');
INSERT INTO external_subjects(subject_id, guarani_code) VALUES (19, '54');
INSERT INTO external_subjects(subject_id, guarani_code) VALUES (20, '1302');
INSERT INTO external_subjects(subject_id, guarani_code) VALUES (21, '1042');
INSERT INTO external_subjects(subject_id, guarani_code) VALUES (22, '1303');
INSERT INTO external_subjects(subject_id, guarani_code) VALUES (23, '842');
INSERT INTO external_subjects(subject_id, guarani_code) VALUES (24, '1040');
INSERT INTO external_subjects(subject_id, guarani_code) VALUES (25, '1308');
INSERT INTO external_subjects(subject_id, guarani_code) VALUES (26, '1305');
INSERT INTO external_subjects(subject_id, guarani_code) VALUES (27, '604');
INSERT INTO external_subjects(subject_id, guarani_code) VALUES (28, '1304');
INSERT INTO external_subjects(subject_id, guarani_code) VALUES (29, '1306');
INSERT INTO external_subjects(subject_id, guarani_code) VALUES (30, '1051');
INSERT INTO external_subjects(subject_id, guarani_code) VALUES (31, '1309');
INSERT INTO external_subjects(subject_id, guarani_code) VALUES (32, '1310');
INSERT INTO external_subjects(subject_id, guarani_code) VALUES (33, '1311');
INSERT INTO external_subjects(subject_id, guarani_code) VALUES (34, '1312');
INSERT INTO external_subjects(subject_id, guarani_code) VALUES (35, '1313');
INSERT INTO external_subjects(subject_id, guarani_code) VALUES (36, '1314');
INSERT INTO external_subjects(subject_id, guarani_code) VALUES (37, '1315');
INSERT INTO external_subjects(subject_id, guarani_code) VALUES (38, '1316');
INSERT INTO external_subjects(subject_id, guarani_code) VALUES (39, '1048');
INSERT INTO external_subjects(subject_id, guarani_code) VALUES (40, '1049');
INSERT INTO external_subjects(subject_id, guarani_code) VALUES (41, '1052');
INSERT INTO external_subjects(subject_id, guarani_code) VALUES (42, '1053');
INSERT INTO external_subjects(subject_id, guarani_code) VALUES (43, '1054');
INSERT INTO external_subjects(subject_id, guarani_code) VALUES (44, '1055');
INSERT INTO external_subjects(subject_id, guarani_code) VALUES (45, '1056');
INSERT INTO external_subjects(subject_id, guarani_code) VALUES (46, '1057');
INSERT INTO external_subjects(subject_id, guarani_code) VALUES (47, '1318');
INSERT INTO external_subjects(subject_id, guarani_code) VALUES (48, '1622');
INSERT INTO external_subjects(subject_id, guarani_code) VALUES (49, '1319');
INSERT INTO external_subjects(subject_id, guarani_code) VALUES (50, '1059');
INSERT INTO external_subjects(subject_id, guarani_code) VALUES (51, '751');
INSERT INTO external_subjects(subject_id, guarani_code) VALUES (52, '752');
INSERT INTO external_subjects(subject_id, guarani_code) VALUES (53, '90028');
INSERT INTO external_subjects(subject_id, guarani_code) VALUES (54, '90000');
INSERT INTO external_subjects(subject_id, guarani_code) VALUES (55, '1046');
INSERT INTO external_subjects(subject_id, guarani_code) VALUES (56, '1709');
INSERT INTO external_subjects(subject_id, guarani_code) VALUES (57, '940');


INSERT INTO prerequisite_subjects(subject_id, prerequisite_subject_id) VALUES (4, 3);
INSERT INTO prerequisite_subjects(subject_id, prerequisite_subject_id) VALUES (4, 2);
INSERT INTO prerequisite_subjects(subject_id, prerequisite_subject_id) VALUES (5, 3);
INSERT INTO prerequisite_subjects(subject_id, prerequisite_subject_id) VALUES (6, 3);
INSERT INTO prerequisite_subjects(subject_id, prerequisite_subject_id) VALUES (7, 3);
INSERT INTO prerequisite_subjects(subject_id, prerequisite_subject_id) VALUES (8, 3);
INSERT INTO prerequisite_subjects(subject_id, prerequisite_subject_id) VALUES (9, 4);
INSERT INTO prerequisite_subjects(subject_id, prerequisite_subject_id) VALUES (10, 4);
INSERT INTO prerequisite_subjects(subject_id, prerequisite_subject_id) VALUES (11, 8);
INSERT INTO prerequisite_subjects(subject_id, prerequisite_subject_id) VALUES (12, 6);
INSERT INTO prerequisite_subjects(subject_id, prerequisite_subject_id) VALUES (13, 5);
INSERT INTO prerequisite_subjects(subject_id, prerequisite_subject_id) VALUES (13, 6);
INSERT INTO prerequisite_subjects(subject_id, prerequisite_subject_id) VALUES (14, 7);
INSERT INTO prerequisite_subjects(subject_id, prerequisite_subject_id) VALUES (15, 11);
INSERT INTO prerequisite_subjects(subject_id, prerequisite_subject_id) VALUES (16, 14);
INSERT INTO prerequisite_subjects(subject_id, prerequisite_subject_id) VALUES (17, 11);
INSERT INTO prerequisite_subjects(subject_id, prerequisite_subject_id) VALUES (18, 12);
INSERT INTO prerequisite_subjects(subject_id, prerequisite_subject_id) VALUES (18, 13);
INSERT INTO prerequisite_subjects(subject_id, prerequisite_subject_id) VALUES (19, 10);
INSERT INTO prerequisite_subjects(subject_id, prerequisite_subject_id) VALUES (20, 4);
INSERT INTO prerequisite_subjects(subject_id, prerequisite_subject_id) VALUES (20, 5);
INSERT INTO prerequisite_subjects(subject_id, prerequisite_subject_id) VALUES (21, 11);
INSERT INTO prerequisite_subjects(subject_id, prerequisite_subject_id) VALUES (22, 18);
INSERT INTO prerequisite_subjects(subject_id, prerequisite_subject_id) VALUES (23, 19);
INSERT INTO prerequisite_subjects(subject_id, prerequisite_subject_id) VALUES (24, 7);
INSERT INTO prerequisite_subjects(subject_id, prerequisite_subject_id) VALUES (25, 21);
INSERT INTO prerequisite_subjects(subject_id, prerequisite_subject_id) VALUES (26, 15);
INSERT INTO prerequisite_subjects(subject_id, prerequisite_subject_id) VALUES (27, 23);
INSERT INTO prerequisite_subjects(subject_id, prerequisite_subject_id) VALUES (28, 25);
INSERT INTO prerequisite_subjects(subject_id, prerequisite_subject_id) VALUES (29, 20);
INSERT INTO prerequisite_subjects(subject_id, prerequisite_subject_id) VALUES (30, 11);
INSERT INTO prerequisite_subjects(subject_id, prerequisite_subject_id) VALUES (31, 29);
INSERT INTO prerequisite_subjects(subject_id, prerequisite_subject_id) VALUES (32, 24);
INSERT INTO prerequisite_subjects(subject_id, prerequisite_subject_id) VALUES (32, 26);
INSERT INTO prerequisite_subjects(subject_id, prerequisite_subject_id) VALUES (32, 28);
INSERT INTO prerequisite_subjects(subject_id, prerequisite_subject_id) VALUES (32, 22);
INSERT INTO prerequisite_subjects(subject_id, prerequisite_subject_id) VALUES (33, 24);
INSERT INTO prerequisite_subjects(subject_id, prerequisite_subject_id) VALUES (33, 18);
INSERT INTO prerequisite_subjects(subject_id, prerequisite_subject_id) VALUES (34, 20);
INSERT INTO prerequisite_subjects(subject_id, prerequisite_subject_id) VALUES (35, 32);
INSERT INTO prerequisite_subjects(subject_id, prerequisite_subject_id) VALUES (35, 33);
INSERT INTO prerequisite_subjects(subject_id, prerequisite_subject_id) VALUES (36, 18);
INSERT INTO prerequisite_subjects(subject_id, prerequisite_subject_id) VALUES (37, 29);
INSERT INTO prerequisite_subjects(subject_id, prerequisite_subject_id) VALUES (37, 34);
INSERT INTO prerequisite_subjects(subject_id, prerequisite_subject_id) VALUES (39, 9);
INSERT INTO prerequisite_subjects(subject_id, prerequisite_subject_id) VALUES (54, 53);
INSERT INTO prerequisite_subjects(subject_id, prerequisite_subject_id) VALUES (55, 15);
INSERT INTO prerequisite_subjects(subject_id, prerequisite_subject_id) VALUES (55, 17);
INSERT INTO prerequisite_subjects(subject_id, prerequisite_subject_id) VALUES (55, 21);
INSERT INTO prerequisite_subjects(subject_id, prerequisite_subject_id) VALUES (56, 34);
INSERT INTO prerequisite_subjects(subject_id, prerequisite_subject_id) VALUES (56, 23);


INSERT INTO degree_subject(degree_id, subject_id) VALUES (1, 1);
INSERT INTO degree_subject(degree_id, subject_id) VALUES (2, 1);
INSERT INTO degree_subject(degree_id, subject_id) VALUES (1, 2);
INSERT INTO degree_subject(degree_id, subject_id) VALUES (2, 2);
INSERT INTO degree_subject(degree_id, subject_id) VALUES (1, 3);
INSERT INTO degree_subject(degree_id, subject_id) VALUES (2, 3);
INSERT INTO degree_subject(degree_id, subject_id) VALUES (1, 4);
INSERT INTO degree_subject(degree_id, subject_id) VALUES (2, 4);
INSERT INTO degree_subject(degree_id, subject_id) VALUES (1, 5);
INSERT INTO degree_subject(degree_id, subject_id) VALUES (2, 5);
INSERT INTO degree_subject(degree_id, subject_id) VALUES (1, 6);
INSERT INTO degree_subject(degree_id, subject_id) VALUES (2, 6);
INSERT INTO degree_subject(degree_id, subject_id) VALUES (1, 7);
INSERT INTO degree_subject(degree_id, subject_id) VALUES (2, 7);
INSERT INTO degree_subject(degree_id, subject_id) VALUES (1, 8);
INSERT INTO degree_subject(degree_id, subject_id) VALUES (2, 8);
INSERT INTO degree_subject(degree_id, subject_id) VALUES (1, 9);
INSERT INTO degree_subject(degree_id, subject_id) VALUES (2, 9);
INSERT INTO degree_subject(degree_id, subject_id) VALUES (1, 10);
INSERT INTO degree_subject(degree_id, subject_id) VALUES (2, 10);
INSERT INTO degree_subject(degree_id, subject_id) VALUES (1, 11);
INSERT INTO degree_subject(degree_id, subject_id) VALUES (2, 11);
INSERT INTO degree_subject(degree_id, subject_id) VALUES (1, 12);
INSERT INTO degree_subject(degree_id, subject_id) VALUES (2, 12);
INSERT INTO degree_subject(degree_id, subject_id) VALUES (1, 13);
INSERT INTO degree_subject(degree_id, subject_id) VALUES (2, 13);
INSERT INTO degree_subject(degree_id, subject_id) VALUES (1, 14);
INSERT INTO degree_subject(degree_id, subject_id) VALUES (2, 14);
INSERT INTO degree_subject(degree_id, subject_id) VALUES (1, 15);
INSERT INTO degree_subject(degree_id, subject_id) VALUES (2, 15);
INSERT INTO degree_subject(degree_id, subject_id) VALUES (2, 16);
INSERT INTO degree_subject(degree_id, subject_id) VALUES (1, 17);
INSERT INTO degree_subject(degree_id, subject_id) VALUES (2, 17);
INSERT INTO degree_subject(degree_id, subject_id) VALUES (1, 18);
INSERT INTO degree_subject(degree_id, subject_id) VALUES (2, 18);
INSERT INTO degree_subject(degree_id, subject_id) VALUES (2, 19);
INSERT INTO degree_subject(degree_id, subject_id) VALUES (2, 20);
INSERT INTO degree_subject(degree_id, subject_id) VALUES (1, 21);
INSERT INTO degree_subject(degree_id, subject_id) VALUES (2, 21);
INSERT INTO degree_subject(degree_id, subject_id) VALUES (2, 22);
INSERT INTO degree_subject(degree_id, subject_id) VALUES (2, 23);
INSERT INTO degree_subject(degree_id, subject_id) VALUES (1, 24);
INSERT INTO degree_subject(degree_id, subject_id) VALUES (2, 24);
INSERT INTO degree_subject(degree_id, subject_id) VALUES (2, 25);
INSERT INTO degree_subject(degree_id, subject_id) VALUES (2, 26);
INSERT INTO degree_subject(degree_id, subject_id) VALUES (2, 27);
INSERT INTO degree_subject(degree_id, subject_id) VALUES (2, 28);
INSERT INTO degree_subject(degree_id, subject_id) VALUES (2, 29);
INSERT INTO degree_subject(degree_id, subject_id) VALUES (2, 30);
INSERT INTO degree_subject(degree_id, subject_id) VALUES (2, 31);
INSERT INTO degree_subject(degree_id, subject_id) VALUES (2, 32);
INSERT INTO degree_subject(degree_id, subject_id) VALUES (2, 33);
INSERT INTO degree_subject(degree_id, subject_id) VALUES (2, 34);
INSERT INTO degree_subject(degree_id, subject_id) VALUES (2, 35);
INSERT INTO degree_subject(degree_id, subject_id) VALUES (2, 36);
INSERT INTO degree_subject(degree_id, subject_id) VALUES (2, 37);
INSERT INTO degree_subject(degree_id, subject_id) VALUES (2, 38);
INSERT INTO degree_subject(degree_id, subject_id) VALUES (1, 39);
INSERT INTO degree_subject(degree_id, subject_id) VALUES (2, 39);
INSERT INTO degree_subject(degree_id, subject_id) VALUES (1, 40);
INSERT INTO degree_subject(degree_id, subject_id) VALUES (2, 40);
INSERT INTO degree_subject(degree_id, subject_id) VALUES (1, 41);
INSERT INTO degree_subject(degree_id, subject_id) VALUES (2, 41);
INSERT INTO degree_subject(degree_id, subject_id) VALUES (1, 42);
INSERT INTO degree_subject(degree_id, subject_id) VALUES (2, 42);
INSERT INTO degree_subject(degree_id, subject_id) VALUES (1, 43);
INSERT INTO degree_subject(degree_id, subject_id) VALUES (2, 43);
INSERT INTO degree_subject(degree_id, subject_id) VALUES (1, 44);
INSERT INTO degree_subject(degree_id, subject_id) VALUES (2, 44);
INSERT INTO degree_subject(degree_id, subject_id) VALUES (1, 45);
INSERT INTO degree_subject(degree_id, subject_id) VALUES (2, 45);
INSERT INTO degree_subject(degree_id, subject_id) VALUES (1, 46);
INSERT INTO degree_subject(degree_id, subject_id) VALUES (2, 46);
INSERT INTO degree_subject(degree_id, subject_id) VALUES (1, 47);
INSERT INTO degree_subject(degree_id, subject_id) VALUES (2, 47);
INSERT INTO degree_subject(degree_id, subject_id) VALUES (1, 48);
INSERT INTO degree_subject(degree_id, subject_id) VALUES (2, 48);
INSERT INTO degree_subject(degree_id, subject_id) VALUES (1, 49);
INSERT INTO degree_subject(degree_id, subject_id) VALUES (2, 49);
INSERT INTO degree_subject(degree_id, subject_id) VALUES (1, 50);
INSERT INTO degree_subject(degree_id, subject_id) VALUES (2, 50);
INSERT INTO degree_subject(degree_id, subject_id) VALUES (1, 51);
INSERT INTO degree_subject(degree_id, subject_id) VALUES (2, 51);
INSERT INTO degree_subject(degree_id, subject_id) VALUES (1, 52);
INSERT INTO degree_subject(degree_id, subject_id) VALUES (2, 52);
INSERT INTO degree_subject(degree_id, subject_id) VALUES (1, 53);
INSERT INTO degree_subject(degree_id, subject_id) VALUES (2, 53);
INSERT INTO degree_subject(degree_id, subject_id) VALUES (1, 54);
INSERT INTO degree_subject(degree_id, subject_id) VALUES (2, 54);
INSERT INTO degree_subject(degree_id, subject_id) VALUES (1, 55);

-- Semesters:
INSERT INTO semesters(is_snd_semester, year, accept_quote_requests_from, accept_quote_requests_to) VALUES (false, 2022, '2022-02-01 03:00:00'::timestamp, '2022-10-01 03:00:00'::timestamp);
INSERT INTO semesters(is_snd_semester, year, accept_quote_requests_from, accept_quote_requests_to) VALUES (true, 2022, '2022-07-01 03:00:00'::timestamp, '2022-12-01 03:00:00'::timestamp);

-- Courses - Primary semester
INSERT INTO courses(assigned_teachers, name, total_quotes, semester_id, subject_id, location) VALUES ('Susana Grillo', 'C1', 30, 1, 1, 'Bernal');
INSERT INTO courses(assigned_teachers, name, total_quotes, semester_id, subject_id, location) VALUES ('Susana Grillo', 'C2', 32, 1, 1, 'Bernal');
INSERT INTO courses(assigned_teachers, name, total_quotes, semester_id, subject_id, location) VALUES ('Alexander', 'C1', 30, 1, 2, 'Bernal');
INSERT INTO courses(assigned_teachers, name, total_quotes, semester_id, subject_id, location) VALUES ('Alexander', 'C2', 32, 1, 2, 'Bernal');
INSERT INTO courses(assigned_teachers, name, total_quotes, semester_id, subject_id, location) VALUES ('Flavia Saldaño', 'C1', 30, 1, 3, 'Bernal');
INSERT INTO courses(assigned_teachers, name, total_quotes, semester_id, subject_id, location) VALUES ('Flavia Saldaño', 'C2', 32, 1, 3, 'Bernal');
INSERT INTO courses(assigned_teachers, name, total_quotes, semester_id, subject_id, location) VALUES ('Susana', 'C1', 30, 1, 4, 'Bernal');
INSERT INTO courses(assigned_teachers, name, total_quotes, semester_id, subject_id, location) VALUES ('Susana', 'C2', 32, 1, 4, 'Bernal');
INSERT INTO courses(assigned_teachers, name, total_quotes, semester_id, subject_id, location) VALUES ('Alan Rodas', 'C1', 30, 1, 5, 'Bernal');
INSERT INTO courses(assigned_teachers, name, total_quotes, semester_id, subject_id, location) VALUES ('Alan Rodas', 'C2', 32, 1, 5, 'Bernal');
INSERT INTO courses(assigned_teachers, name, total_quotes, semester_id, subject_id, location) VALUES ('Denise', 'C1', 30, 1, 6, 'Bernal');
INSERT INTO courses(assigned_teachers, name, total_quotes, semester_id, subject_id, location) VALUES ('Denise', 'C2', 32, 1, 6, 'Bernal');
INSERT INTO courses(assigned_teachers, name, total_quotes, semester_id, subject_id, location) VALUES ('Fidel', 'C1', 30, 1, 7, 'Bernal');
INSERT INTO courses(assigned_teachers, name, total_quotes, semester_id, subject_id, location) VALUES ('Fidel', 'C2', 32, 1, 7, 'Bernal');
INSERT INTO courses(assigned_teachers, name, total_quotes, semester_id, subject_id, location) VALUES ('Maximo', 'C1', 30, 1, 8, 'Bernal');
INSERT INTO courses(assigned_teachers, name, total_quotes, semester_id, subject_id, location) VALUES ('Maximo', 'C2', 32, 1, 8, 'Bernal');
INSERT INTO courses(assigned_teachers, name, total_quotes, semester_id, subject_id, location) VALUES ('Gabriela Arévalo', 'C1', 30, 1, 9, 'Bernal');
INSERT INTO courses(assigned_teachers, name, total_quotes, semester_id, subject_id, location) VALUES ('Gabriela Arévalo', 'C2', 32, 1, 9, 'Bernal');
INSERT INTO courses(assigned_teachers, name, total_quotes, semester_id, subject_id, location) VALUES ('Jano', 'C1', 30, 1, 10, 'Bernal');
INSERT INTO courses(assigned_teachers, name, total_quotes, semester_id, subject_id, location) VALUES ('Jano', 'C2', 32, 1, 10, 'Bernal');
INSERT INTO courses(assigned_teachers, name, total_quotes, semester_id, subject_id, location) VALUES ('Diego T', 'C1', 30, 1, 11, 'Bernal');
INSERT INTO courses(assigned_teachers, name, total_quotes, semester_id, subject_id, location) VALUES ('Diego T', 'C2', 32, 1, 11, 'Bernal');
INSERT INTO courses(assigned_teachers, name, total_quotes, semester_id, subject_id, location) VALUES ('Cesar', 'C1', 30, 1, 12, 'Bernal');
INSERT INTO courses(assigned_teachers, name, total_quotes, semester_id, subject_id, location) VALUES ('Cesar', 'C2', 32, 1, 12, 'Bernal');
INSERT INTO courses(assigned_teachers, name, total_quotes, semester_id, subject_id, location) VALUES ('Mardelo', 'C1', 30, 1, 13, 'Bernal');
INSERT INTO courses(assigned_teachers, name, total_quotes, semester_id, subject_id, location) VALUES ('Mardelo', 'C2', 32, 1, 13, 'Bernal');
INSERT INTO courses(assigned_teachers, name, total_quotes, semester_id, subject_id, location) VALUES ('Fidel', 'C1', 30, 1, 14, 'Bernal');
INSERT INTO courses(assigned_teachers, name, total_quotes, semester_id, subject_id, location) VALUES ('Fidel', 'C2', 32, 1, 14, 'Bernal');
INSERT INTO courses(assigned_teachers, name, total_quotes, semester_id, subject_id, location) VALUES ('Martin', 'C1', 30, 1, 15, 'Bernal');
INSERT INTO courses(assigned_teachers, name, total_quotes, semester_id, subject_id, location) VALUES ('Martin', 'C2', 32, 1, 15, 'Bernal');
INSERT INTO courses(assigned_teachers, name, total_quotes, semester_id, subject_id, location) VALUES ('Pablo Facto', 'C1', 30, 1, 16, 'Bernal');
INSERT INTO courses(assigned_teachers, name, total_quotes, semester_id, subject_id, location) VALUES ('Pablo Facto', 'C2', 32, 1, 16, 'Bernal');
INSERT INTO courses(assigned_teachers, name, total_quotes, semester_id, subject_id, location) VALUES ('Ronny', 'C1', 30, 1, 17, 'Bernal');
INSERT INTO courses(assigned_teachers, name, total_quotes, semester_id, subject_id, location) VALUES ('Ronny', 'C2', 32, 1, 17, 'Bernal');
INSERT INTO courses(assigned_teachers, name, total_quotes, semester_id, subject_id, location) VALUES ('Jose Luis', 'C1', 30, 1, 18, 'Bernal');
INSERT INTO courses(assigned_teachers, name, total_quotes, semester_id, subject_id, location) VALUES ('Jose Luis', 'C2', 32, 1, 18, 'Bernal');
INSERT INTO courses(assigned_teachers, name, total_quotes, semester_id, subject_id, location) VALUES ('Claudia', 'C1', 30, 1, 19, 'Bernal');
INSERT INTO courses(assigned_teachers, name, total_quotes, semester_id, subject_id, location) VALUES ('Claudia', 'C2', 32, 1, 19, 'Bernal');
INSERT INTO courses(assigned_teachers, name, total_quotes, semester_id, subject_id, location) VALUES ('Ema Arevalo', 'C1', 30, 1, 20, 'Bernal');
INSERT INTO courses(assigned_teachers, name, total_quotes, semester_id, subject_id, location) VALUES ('Ema Arevalo', 'C2', 32, 1, 20, 'Bernal');
INSERT INTO courses(assigned_teachers, name, total_quotes, semester_id, subject_id, location) VALUES ('Pablo Suarez', 'C1', 30, 1, 21, 'Bernal');
INSERT INTO courses(assigned_teachers, name, total_quotes, semester_id, subject_id, location) VALUES ('Pablo Suarez', 'C2', 32, 1, 21, 'Bernal');
INSERT INTO courses(assigned_teachers, name, total_quotes, semester_id, subject_id, location) VALUES ('Fede', 'C1', 30, 1, 22, 'Bernal');
INSERT INTO courses(assigned_teachers, name, total_quotes, semester_id, subject_id, location) VALUES ('Fede', 'C2', 32, 1, 22, 'Bernal');
INSERT INTO courses(assigned_teachers, name, total_quotes, semester_id, subject_id, location) VALUES ('Claudia', 'C1', 30, 1, 23, 'Bernal');
INSERT INTO courses(assigned_teachers, name, total_quotes, semester_id, subject_id, location) VALUES ('Claudia', 'C2', 32, 1, 23, 'Bernal');
INSERT INTO courses(assigned_teachers, name, total_quotes, semester_id, subject_id, location) VALUES ('Dani', 'C1', 30, 1, 24, 'Bernal');
INSERT INTO courses(assigned_teachers, name, total_quotes, semester_id, subject_id, location) VALUES ('Dani', 'C2', 32, 1, 24, 'Bernal');
INSERT INTO courses(assigned_teachers, name, total_quotes, semester_id, subject_id, location) VALUES ('Pepe Grillo', 'C1', 30, 1, 25, 'Bernal');
INSERT INTO courses(assigned_teachers, name, total_quotes, semester_id, subject_id, location) VALUES ('Pepe Grillo', 'C2', 32, 1, 25, 'Bernal');
INSERT INTO courses(assigned_teachers, name, total_quotes, semester_id, subject_id, location) VALUES ('Gabriela Arévalo', 'C1', 30, 1, 26, 'Bernal');
INSERT INTO courses(assigned_teachers, name, total_quotes, semester_id, subject_id, location) VALUES ('Gabriela Arévalo', 'C2', 32, 1, 26, 'Bernal');
INSERT INTO courses(assigned_teachers, name, total_quotes, semester_id, subject_id, location) VALUES ('Jano', 'C1', 30, 1, 27, 'Bernal');
INSERT INTO courses(assigned_teachers, name, total_quotes, semester_id, subject_id, location) VALUES ('Jano', 'C2', 32, 1, 27, 'Bernal');
INSERT INTO courses(assigned_teachers, name, total_quotes, semester_id, subject_id, location) VALUES ('Pepe Grillo', 'C1', 30, 1, 28, 'Bernal');
INSERT INTO courses(assigned_teachers, name, total_quotes, semester_id, subject_id, location) VALUES ('Pepe Grillo', 'C2', 32, 1, 28, 'Bernal');
INSERT INTO courses(assigned_teachers, name, total_quotes, semester_id, subject_id, location) VALUES ('Ema Arevalo', 'C1', 30, 1, 29, 'Bernal');
INSERT INTO courses(assigned_teachers, name, total_quotes, semester_id, subject_id, location) VALUES ('Ema Arevalo', 'C2', 32, 1, 29, 'Bernal');
INSERT INTO courses(assigned_teachers, name, total_quotes, semester_id, subject_id, location) VALUES ('Diego T', 'C1', 30, 1, 30, 'Bernal');
INSERT INTO courses(assigned_teachers, name, total_quotes, semester_id, subject_id, location) VALUES ('Diego T', 'C2', 32, 1, 30, 'Bernal');
INSERT INTO courses(assigned_teachers, name, total_quotes, semester_id, subject_id, location) VALUES ('Jano', 'C1', 30, 1, 31, 'Bernal');
INSERT INTO courses(assigned_teachers, name, total_quotes, semester_id, subject_id, location) VALUES ('Jano', 'C2', 32, 1, 31, 'Bernal');
INSERT INTO courses(assigned_teachers, name, total_quotes, semester_id, subject_id, location) VALUES ('Claudia', 'C1', 30, 1, 32, 'Bernal');
INSERT INTO courses(assigned_teachers, name, total_quotes, semester_id, subject_id, location) VALUES ('Claudia', 'C2', 32, 1, 32, 'Bernal');
INSERT INTO courses(assigned_teachers, name, total_quotes, semester_id, subject_id, location) VALUES ('Marcelo', 'C1', 30, 1, 33, 'Bernal');
INSERT INTO courses(assigned_teachers, name, total_quotes, semester_id, subject_id, location) VALUES ('Marcelo', 'C2', 32, 1, 33, 'Bernal');
INSERT INTO courses(assigned_teachers, name, total_quotes, semester_id, subject_id, location) VALUES ('Jano', 'C1', 30, 1, 34, 'Bernal');
INSERT INTO courses(assigned_teachers, name, total_quotes, semester_id, subject_id, location) VALUES ('Jano', 'C2', 32, 1, 34, 'Bernal');
INSERT INTO courses(assigned_teachers, name, total_quotes, semester_id, subject_id, location) VALUES ('Juan Perez', 'C1', 30, 1, 35, 'Bernal');
INSERT INTO courses(assigned_teachers, name, total_quotes, semester_id, subject_id, location) VALUES ('Juan Perez', 'C2', 32, 1, 35, 'Bernal');
INSERT INTO courses(assigned_teachers, name, total_quotes, semester_id, subject_id, location) VALUES ('Susana', 'C1', 30, 1, 36, 'Bernal');
INSERT INTO courses(assigned_teachers, name, total_quotes, semester_id, subject_id, location) VALUES ('Susana', 'C2', 32, 1, 36, 'Bernal');
INSERT INTO courses(assigned_teachers, name, total_quotes, semester_id, subject_id, location) VALUES ('Juan Perez', 'C1', 30, 1, 37, 'Bernal');
INSERT INTO courses(assigned_teachers, name, total_quotes, semester_id, subject_id, location) VALUES ('Juan Perez', 'C2', 32, 1, 37, 'Bernal');
INSERT INTO courses(assigned_teachers, name, total_quotes, semester_id, subject_id, location) VALUES ('Lucas', 'C1', 30, 1, 38, 'Bernal');
INSERT INTO courses(assigned_teachers, name, total_quotes, semester_id, subject_id, location) VALUES ('Lucas', 'C2', 32, 1, 38, 'Bernal');
INSERT INTO courses(assigned_teachers, name, total_quotes, semester_id, subject_id, location) VALUES ('Gabriela Arévalo', 'C1', 30, 1, 39, 'Bernal');
INSERT INTO courses(assigned_teachers, name, total_quotes, semester_id, subject_id, location) VALUES ('Gabriela Arévalo', 'C2', 32, 1, 39, 'Bernal');
INSERT INTO courses(assigned_teachers, name, total_quotes, semester_id, subject_id, location) VALUES ('Gabriela Arévalo', 'C1', 30, 1, 40, 'Bernal');
INSERT INTO courses(assigned_teachers, name, total_quotes, semester_id, subject_id, location) VALUES ('Gabriela Arévalo', 'C2', 32, 1, 40, 'Bernal');
INSERT INTO courses(assigned_teachers, name, total_quotes, semester_id, subject_id, location) VALUES ('Juliana', 'C1', 30, 1, 41, 'Bernal');
INSERT INTO courses(assigned_teachers, name, total_quotes, semester_id, subject_id, location) VALUES ('Juliana', 'C2', 32, 1, 41, 'Bernal');
INSERT INTO courses(assigned_teachers, name, total_quotes, semester_id, subject_id, location) VALUES ('Fede Sawady', 'C1', 30, 1, 42, 'Bernal');
INSERT INTO courses(assigned_teachers, name, total_quotes, semester_id, subject_id, location) VALUES ('Fede Sawady', 'C2', 32, 1, 42, 'Bernal');
INSERT INTO courses(assigned_teachers, name, total_quotes, semester_id, subject_id, location) VALUES ('Flavia Saldaña', 'C1', 30, 1, 43, 'Bernal');
INSERT INTO courses(assigned_teachers, name, total_quotes, semester_id, subject_id, location) VALUES ('Flavia Saldaña', 'C2', 32, 1, 43, 'Bernal');
INSERT INTO courses(assigned_teachers, name, total_quotes, semester_id, subject_id, location) VALUES ('Jano', 'C1', 30, 1, 44, 'Bernal');
INSERT INTO courses(assigned_teachers, name, total_quotes, semester_id, subject_id, location) VALUES ('Jano', 'C2', 32, 1, 44, 'Bernal');
INSERT INTO courses(assigned_teachers, name, total_quotes, semester_id, subject_id, location) VALUES ('Diego T', 'C1', 30, 1, 45, 'Bernal');
INSERT INTO courses(assigned_teachers, name, total_quotes, semester_id, subject_id, location) VALUES ('Diego T', 'C2', 32, 1, 45, 'Bernal');
INSERT INTO courses(assigned_teachers, name, total_quotes, semester_id, subject_id, location) VALUES ('Marcelo', 'C1', 30, 1, 46, 'Bernal');
INSERT INTO courses(assigned_teachers, name, total_quotes, semester_id, subject_id, location) VALUES ('Marcelo', 'C2', 32, 1, 46, 'Bernal');
INSERT INTO courses(assigned_teachers, name, total_quotes, semester_id, subject_id, location) VALUES ('Fede Sawady', 'C1', 30, 1, 47, 'Bernal');
INSERT INTO courses(assigned_teachers, name, total_quotes, semester_id, subject_id, location) VALUES ('Fede Sawady', 'C2', 32, 1, 47, 'Bernal');
INSERT INTO courses(assigned_teachers, name, total_quotes, semester_id, subject_id, location) VALUES ('Gabriela Arévalo', 'C1', 30, 1, 48, 'Bernal');
INSERT INTO courses(assigned_teachers, name, total_quotes, semester_id, subject_id, location) VALUES ('Gabriela Arévalo', 'C2', 32, 1, 48, 'Bernal');
INSERT INTO courses(assigned_teachers, name, total_quotes, semester_id, subject_id, location) VALUES ('Maximo', 'C1', 30, 1, 49, 'Bernal');
INSERT INTO courses(assigned_teachers, name, total_quotes, semester_id, subject_id, location) VALUES ('Maximo', 'C2', 32, 1, 49, 'Bernal');
INSERT INTO courses(assigned_teachers, name, total_quotes, semester_id, subject_id, location) VALUES ('Pepe Grillo', 'C1', 30, 1, 50, 'Bernal');
INSERT INTO courses(assigned_teachers, name, total_quotes, semester_id, subject_id, location) VALUES ('Pepe Grillo', 'C2', 32, 1, 50, 'Bernal');
INSERT INTO courses(assigned_teachers, name, total_quotes, semester_id, subject_id, location) VALUES ('Pepe Grillo', 'C1', 30, 1, 51, 'Bernal');
INSERT INTO courses(assigned_teachers, name, total_quotes, semester_id, subject_id, location) VALUES ('Pepe Grillo', 'C2', 32, 1, 51, 'Bernal');
INSERT INTO courses(assigned_teachers, name, total_quotes, semester_id, subject_id, location) VALUES ('Pepe Grillo', 'C1', 30, 1, 52, 'Bernal');
INSERT INTO courses(assigned_teachers, name, total_quotes, semester_id, subject_id, location) VALUES ('Pepe Grillo', 'C2', 32, 1, 52, 'Bernal');
INSERT INTO courses(assigned_teachers, name, total_quotes, semester_id, subject_id, location) VALUES ('Liliana', 'C1', 30, 1, 53, 'Bernal');
INSERT INTO courses(assigned_teachers, name, total_quotes, semester_id, subject_id, location) VALUES ('Liliana', 'C2', 32, 1, 53, 'Bernal');
INSERT INTO courses(assigned_teachers, name, total_quotes, semester_id, subject_id, location) VALUES ('Liliana', 'C1', 30, 1, 54, 'Bernal');
INSERT INTO courses(assigned_teachers, name, total_quotes, semester_id, subject_id, location) VALUES ('Liliana', 'C2', 32, 1, 54, 'Bernal');
INSERT INTO courses(assigned_teachers, name, total_quotes, semester_id, subject_id, location) VALUES ('Feli', 'C1', 30, 1, 55, 'Bernal');
INSERT INTO courses(assigned_teachers, name, total_quotes, semester_id, subject_id, location) VALUES ('Feli', 'C2', 32, 1, 55, 'Bernal');

-- Courses - Secondary semester
INSERT INTO courses(assigned_teachers, name, total_quotes, semester_id, subject_id, location) VALUES ('Susana Grillo', 'C1', 30, 2, 1, 'Bernal');
INSERT INTO courses(assigned_teachers, name, total_quotes, semester_id, subject_id, location) VALUES ('Susana Grillo', 'C2', 32, 2, 1, 'Bernal');
INSERT INTO courses(assigned_teachers, name, total_quotes, semester_id, subject_id, location) VALUES ('Alexander', 'C1', 30, 2, 2, 'Bernal');
INSERT INTO courses(assigned_teachers, name, total_quotes, semester_id, subject_id, location) VALUES ('Alexander', 'C2', 32, 2, 2, 'Bernal');
INSERT INTO courses(assigned_teachers, name, total_quotes, semester_id, subject_id, location) VALUES ('Flavia Saldaño', 'C1', 30, 2, 3, 'Bernal');
INSERT INTO courses(assigned_teachers, name, total_quotes, semester_id, subject_id, location) VALUES ('Flavia Saldaño', 'C2', 32, 2, 3, 'Bernal');
INSERT INTO courses(assigned_teachers, name, total_quotes, semester_id, subject_id, location) VALUES ('Susana', 'C1', 30, 2, 4, 'Bernal');
INSERT INTO courses(assigned_teachers, name, total_quotes, semester_id, subject_id, location) VALUES ('Susana', 'C2', 32, 2, 4, 'Bernal');
INSERT INTO courses(assigned_teachers, name, total_quotes, semester_id, subject_id, location) VALUES ('Alan Rodas', 'C1', 30, 2, 5, 'Bernal');
INSERT INTO courses(assigned_teachers, name, total_quotes, semester_id, subject_id, location) VALUES ('Alan Rodas', 'C2', 32, 2, 5, 'Bernal');
INSERT INTO courses(assigned_teachers, name, total_quotes, semester_id, subject_id, location) VALUES ('Denise', 'C1', 30, 2, 6, 'Bernal');
INSERT INTO courses(assigned_teachers, name, total_quotes, semester_id, subject_id, location) VALUES ('Denise', 'C2', 32, 2, 6, 'Bernal');
INSERT INTO courses(assigned_teachers, name, total_quotes, semester_id, subject_id, location) VALUES ('Fidel', 'C1', 30, 2, 7, 'Bernal');
INSERT INTO courses(assigned_teachers, name, total_quotes, semester_id, subject_id, location) VALUES ('Fidel', 'C2', 32, 2, 7, 'Bernal');
INSERT INTO courses(assigned_teachers, name, total_quotes, semester_id, subject_id, location) VALUES ('Maximo', 'C1', 30, 2, 8, 'Bernal');
INSERT INTO courses(assigned_teachers, name, total_quotes, semester_id, subject_id, location) VALUES ('Maximo', 'C2', 32, 2, 8, 'Bernal');
INSERT INTO courses(assigned_teachers, name, total_quotes, semester_id, subject_id, location) VALUES ('Gabriela Arévalo', 'C1', 30, 2, 9, 'Bernal');
INSERT INTO courses(assigned_teachers, name, total_quotes, semester_id, subject_id, location) VALUES ('Gabriela Arévalo', 'C2', 32, 2, 9, 'Bernal');
INSERT INTO courses(assigned_teachers, name, total_quotes, semester_id, subject_id, location) VALUES ('Jano', 'C1', 30, 2, 10, 'Bernal');
INSERT INTO courses(assigned_teachers, name, total_quotes, semester_id, subject_id, location) VALUES ('Jano', 'C2', 32, 2, 10, 'Bernal');
INSERT INTO courses(assigned_teachers, name, total_quotes, semester_id, subject_id, location) VALUES ('Diego T', 'C1', 30, 2, 11, 'Bernal');
INSERT INTO courses(assigned_teachers, name, total_quotes, semester_id, subject_id, location) VALUES ('Diego T', 'C2', 32, 2, 11, 'Bernal');
INSERT INTO courses(assigned_teachers, name, total_quotes, semester_id, subject_id, location) VALUES ('Cesar', 'C1', 30, 2, 12, 'Bernal');
INSERT INTO courses(assigned_teachers, name, total_quotes, semester_id, subject_id, location) VALUES ('Cesar', 'C2', 32, 2, 12, 'Bernal');
INSERT INTO courses(assigned_teachers, name, total_quotes, semester_id, subject_id, location) VALUES ('Mardelo', 'C1', 30, 2, 13, 'Bernal');
INSERT INTO courses(assigned_teachers, name, total_quotes, semester_id, subject_id, location) VALUES ('Mardelo', 'C2', 32, 2, 13, 'Bernal');
INSERT INTO courses(assigned_teachers, name, total_quotes, semester_id, subject_id, location) VALUES ('Fidel', 'C1', 30, 2, 14, 'Bernal');
INSERT INTO courses(assigned_teachers, name, total_quotes, semester_id, subject_id, location) VALUES ('Fidel', 'C2', 32, 2, 14, 'Bernal');
INSERT INTO courses(assigned_teachers, name, total_quotes, semester_id, subject_id, location) VALUES ('Martin', 'C1', 30, 2, 15, 'Bernal');
INSERT INTO courses(assigned_teachers, name, total_quotes, semester_id, subject_id, location) VALUES ('Martin', 'C2', 32, 2, 15, 'Bernal');
INSERT INTO courses(assigned_teachers, name, total_quotes, semester_id, subject_id, location) VALUES ('Pablo Facto', 'C1', 30, 2, 16, 'Bernal');
INSERT INTO courses(assigned_teachers, name, total_quotes, semester_id, subject_id, location) VALUES ('Pablo Facto', 'C2', 32, 2, 16, 'Bernal');
INSERT INTO courses(assigned_teachers, name, total_quotes, semester_id, subject_id, location) VALUES ('Ronny', 'C1', 30, 2, 17, 'Bernal');
INSERT INTO courses(assigned_teachers, name, total_quotes, semester_id, subject_id, location) VALUES ('Ronny', 'C2', 32, 2, 17, 'Bernal');
INSERT INTO courses(assigned_teachers, name, total_quotes, semester_id, subject_id, location) VALUES ('Jose Luis', 'C1', 30, 2, 18, 'Bernal');
INSERT INTO courses(assigned_teachers, name, total_quotes, semester_id, subject_id, location) VALUES ('Jose Luis', 'C2', 32, 2, 18, 'Bernal');
INSERT INTO courses(assigned_teachers, name, total_quotes, semester_id, subject_id, location) VALUES ('Claudia', 'C1', 30, 2, 19, 'Bernal');
INSERT INTO courses(assigned_teachers, name, total_quotes, semester_id, subject_id, location) VALUES ('Claudia', 'C2', 32, 2, 19, 'Bernal');
INSERT INTO courses(assigned_teachers, name, total_quotes, semester_id, subject_id, location) VALUES ('Ema Arevalo', 'C1', 30,2, 20, 'Bernal');
INSERT INTO courses(assigned_teachers, name, total_quotes, semester_id, subject_id, location) VALUES ('Ema Arevalo', 'C2', 32,2, 20, 'Bernal');
INSERT INTO courses(assigned_teachers, name, total_quotes, semester_id, subject_id, location) VALUES ('Pablo Suarez', 'C1', 30, 2, 21, 'Bernal');
INSERT INTO courses(assigned_teachers, name, total_quotes, semester_id, subject_id, location) VALUES ('Pablo Suarez', 'C2', 32, 2, 21, 'Bernal');
INSERT INTO courses(assigned_teachers, name, total_quotes, semester_id, subject_id, location) VALUES ('Fede', 'C1', 30, 2, 22, 'Bernal');
INSERT INTO courses(assigned_teachers, name, total_quotes, semester_id, subject_id, location) VALUES ('Fede', 'C2', 32, 2, 22, 'Bernal');
INSERT INTO courses(assigned_teachers, name, total_quotes, semester_id, subject_id, location) VALUES ('Claudia', 'C1', 30, 2, 23, 'Bernal');
INSERT INTO courses(assigned_teachers, name, total_quotes, semester_id, subject_id, location) VALUES ('Claudia', 'C2', 32, 2, 23, 'Bernal');
INSERT INTO courses(assigned_teachers, name, total_quotes, semester_id, subject_id, location) VALUES ('Dani', 'C1', 30, 2, 24, 'Bernal');
INSERT INTO courses(assigned_teachers, name, total_quotes, semester_id, subject_id, location) VALUES ('Dani', 'C2', 32, 2, 24, 'Bernal');
INSERT INTO courses(assigned_teachers, name, total_quotes, semester_id, subject_id, location) VALUES ('Pepe Grillo', 'C1', 30, 2, 25, 'Bernal');
INSERT INTO courses(assigned_teachers, name, total_quotes, semester_id, subject_id, location) VALUES ('Pepe Grillo', 'C2', 32, 2, 25, 'Bernal');
INSERT INTO courses(assigned_teachers, name, total_quotes, semester_id, subject_id, location) VALUES ('Gabriela Arévalo', 'C1', 30, 2, 26, 'Bernal');
INSERT INTO courses(assigned_teachers, name, total_quotes, semester_id, subject_id, location) VALUES ('Gabriela Arévalo', 'C2', 32, 2, 26, 'Bernal');
INSERT INTO courses(assigned_teachers, name, total_quotes, semester_id, subject_id, location) VALUES ('Jano', 'C1', 30, 2, 27, 'Bernal');
INSERT INTO courses(assigned_teachers, name, total_quotes, semester_id, subject_id, location) VALUES ('Jano', 'C2', 32, 2, 27, 'Bernal');
INSERT INTO courses(assigned_teachers, name, total_quotes, semester_id, subject_id, location) VALUES ('Pepe Grillo', 'C1', 30, 2, 28, 'Bernal');
INSERT INTO courses(assigned_teachers, name, total_quotes, semester_id, subject_id, location) VALUES ('Pepe Grillo', 'C2', 32, 2, 28, 'Bernal');
INSERT INTO courses(assigned_teachers, name, total_quotes, semester_id, subject_id, location) VALUES ('Ema Arevalo', 'C1', 30, 2, 29, 'Bernal');
INSERT INTO courses(assigned_teachers, name, total_quotes, semester_id, subject_id, location) VALUES ('Ema Arevalo', 'C2', 32, 2, 29, 'Bernal');
INSERT INTO courses(assigned_teachers, name, total_quotes, semester_id, subject_id, location) VALUES ('Diego T', 'C1', 30, 1, 30, 'Bernal');
INSERT INTO courses(assigned_teachers, name, total_quotes, semester_id, subject_id, location) VALUES ('Diego T', 'C2', 32, 1, 30, 'Bernal');
INSERT INTO courses(assigned_teachers, name, total_quotes, semester_id, subject_id, location) VALUES ('Jano', 'C1', 30, 2, 31, 'Bernal');
INSERT INTO courses(assigned_teachers, name, total_quotes, semester_id, subject_id, location) VALUES ('Jano', 'C2', 32, 2, 31, 'Bernal');
INSERT INTO courses(assigned_teachers, name, total_quotes, semester_id, subject_id, location) VALUES ('Claudia', 'C1', 30, 2, 32, 'Bernal');
INSERT INTO courses(assigned_teachers, name, total_quotes, semester_id, subject_id, location) VALUES ('Claudia', 'C2', 32, 2, 32, 'Bernal');
INSERT INTO courses(assigned_teachers, name, total_quotes, semester_id, subject_id, location) VALUES ('Marcelo', 'C1', 30, 2, 33, 'Bernal');
INSERT INTO courses(assigned_teachers, name, total_quotes, semester_id, subject_id, location) VALUES ('Marcelo', 'C2', 32, 2, 33, 'Bernal');
INSERT INTO courses(assigned_teachers, name, total_quotes, semester_id, subject_id, location) VALUES ('Jano', 'C1', 30, 2, 34, 'Bernal');
INSERT INTO courses(assigned_teachers, name, total_quotes, semester_id, subject_id, location) VALUES ('Jano', 'C2', 32, 2, 34, 'Bernal');
INSERT INTO courses(assigned_teachers, name, total_quotes, semester_id, subject_id, location) VALUES ('Juan Perez', 'C1', 30, 2, 35, 'Bernal');
INSERT INTO courses(assigned_teachers, name, total_quotes, semester_id, subject_id, location) VALUES ('Juan Perez', 'C2', 32, 2, 35, 'Bernal');
INSERT INTO courses(assigned_teachers, name, total_quotes, semester_id, subject_id, location) VALUES ('Susana', 'C1', 30, 2, 36, 'Bernal');
INSERT INTO courses(assigned_teachers, name, total_quotes, semester_id, subject_id, location) VALUES ('Susana', 'C2', 32, 2, 36, 'Bernal');
INSERT INTO courses(assigned_teachers, name, total_quotes, semester_id, subject_id, location) VALUES ('Juan Perez', 'C1', 30, 2, 37, 'Bernal');
INSERT INTO courses(assigned_teachers, name, total_quotes, semester_id, subject_id, location) VALUES ('Juan Perez', 'C2', 32, 2, 37, 'Bernal');
INSERT INTO courses(assigned_teachers, name, total_quotes, semester_id, subject_id, location) VALUES ('Lucas', 'C1', 30, 2, 38, 'Bernal');
INSERT INTO courses(assigned_teachers, name, total_quotes, semester_id, subject_id, location) VALUES ('Lucas', 'C2', 32, 2, 38, 'Bernal');
INSERT INTO courses(assigned_teachers, name, total_quotes, semester_id, subject_id, location) VALUES ('Gabriela Arévalo', 'C1', 30, 2, 39, 'Bernal');
INSERT INTO courses(assigned_teachers, name, total_quotes, semester_id, subject_id, location) VALUES ('Gabriela Arévalo', 'C2', 32, 2, 39, 'Bernal');
INSERT INTO courses(assigned_teachers, name, total_quotes, semester_id, subject_id, location) VALUES ('Gabriela Arévalo', 'C1', 30, 2, 40, 'Bernal');
INSERT INTO courses(assigned_teachers, name, total_quotes, semester_id, subject_id, location) VALUES ('Gabriela Arévalo', 'C2', 32, 2, 40, 'Bernal');
INSERT INTO courses(assigned_teachers, name, total_quotes, semester_id, subject_id, location) VALUES ('Juliana', 'C1', 30, 2, 41, 'Bernal');
INSERT INTO courses(assigned_teachers, name, total_quotes, semester_id, subject_id, location) VALUES ('Juliana', 'C2', 32, 2, 41, 'Bernal');
INSERT INTO courses(assigned_teachers, name, total_quotes, semester_id, subject_id, location) VALUES ('Fede Sawady', 'C1', 30, 2, 42, 'Bernal');
INSERT INTO courses(assigned_teachers, name, total_quotes, semester_id, subject_id, location) VALUES ('Fede Sawady', 'C2', 32, 2, 42, 'Bernal');
INSERT INTO courses(assigned_teachers, name, total_quotes, semester_id, subject_id, location) VALUES ('Flavia Saldaña', 'C1', 30, 2, 43, 'Bernal');
INSERT INTO courses(assigned_teachers, name, total_quotes, semester_id, subject_id, location) VALUES ('Flavia Saldaña', 'C2', 32, 2, 43, 'Bernal');
INSERT INTO courses(assigned_teachers, name, total_quotes, semester_id, subject_id, location) VALUES ('Jano', 'C1', 30, 2, 44, 'Bernal');
INSERT INTO courses(assigned_teachers, name, total_quotes, semester_id, subject_id, location) VALUES ('Jano', 'C2', 32, 2, 44, 'Bernal');
INSERT INTO courses(assigned_teachers, name, total_quotes, semester_id, subject_id, location) VALUES ('Diego T', 'C1', 30, 2, 45, 'Bernal');
INSERT INTO courses(assigned_teachers, name, total_quotes, semester_id, subject_id, location) VALUES ('Diego T', 'C2', 32, 2, 45, 'Bernal');
INSERT INTO courses(assigned_teachers, name, total_quotes, semester_id, subject_id, location) VALUES ('Marcelo', 'C1', 30, 2, 46, 'Bernal');
INSERT INTO courses(assigned_teachers, name, total_quotes, semester_id, subject_id, location) VALUES ('Marcelo', 'C2', 32, 2, 46, 'Bernal');
INSERT INTO courses(assigned_teachers, name, total_quotes, semester_id, subject_id, location) VALUES ('Fede Sawady', 'C1', 30, 2, 47, 'Bernal');
INSERT INTO courses(assigned_teachers, name, total_quotes, semester_id, subject_id, location) VALUES ('Fede Sawady', 'C2', 32, 2, 47, 'Bernal');
INSERT INTO courses(assigned_teachers, name, total_quotes, semester_id, subject_id, location) VALUES ('Gabriela Arévalo', 'C1', 30, 2, 48, 'Bernal');
INSERT INTO courses(assigned_teachers, name, total_quotes, semester_id, subject_id, location) VALUES ('Gabriela Arévalo', 'C2', 32, 2, 48, 'Bernal');
INSERT INTO courses(assigned_teachers, name, total_quotes, semester_id, subject_id, location) VALUES ('Maximo', 'C1', 30, 2, 49, 'Bernal');
INSERT INTO courses(assigned_teachers, name, total_quotes, semester_id, subject_id, location) VALUES ('Maximo', 'C2', 32, 2, 49, 'Bernal');
INSERT INTO courses(assigned_teachers, name, total_quotes, semester_id, subject_id, location) VALUES ('Pepe Grillo', 'C1', 30, 2, 50, 'Bernal');
INSERT INTO courses(assigned_teachers, name, total_quotes, semester_id, subject_id, location) VALUES ('Pepe Grillo', 'C2', 32, 2, 50, 'Bernal');
INSERT INTO courses(assigned_teachers, name, total_quotes, semester_id, subject_id, location) VALUES ('Pepe Grillo', 'C1', 30, 2, 51, 'Bernal');
INSERT INTO courses(assigned_teachers, name, total_quotes, semester_id, subject_id, location) VALUES ('Pepe Grillo', 'C2', 32, 2, 51, 'Bernal');
INSERT INTO courses(assigned_teachers, name, total_quotes, semester_id, subject_id, location) VALUES ('Pepe Grillo', 'C1', 30, 2, 52, 'Bernal');
INSERT INTO courses(assigned_teachers, name, total_quotes, semester_id, subject_id, location) VALUES ('Pepe Grillo', 'C2', 32, 2, 52, 'Bernal');
INSERT INTO courses(assigned_teachers, name, total_quotes, semester_id, subject_id, location) VALUES ('Liliana', 'C1', 30, 2, 53, 'Bernal');
INSERT INTO courses(assigned_teachers, name, total_quotes, semester_id, subject_id, location) VALUES ('Liliana', 'C2', 32, 2, 53, 'Bernal');
INSERT INTO courses(assigned_teachers, name, total_quotes, semester_id, subject_id, location) VALUES ('Liliana', 'C1', 30, 2, 54, 'Bernal');
INSERT INTO courses(assigned_teachers, name, total_quotes, semester_id, subject_id, location) VALUES ('Liliana', 'C2', 32, 2, 54, 'Bernal');
INSERT INTO courses(assigned_teachers, name, total_quotes, semester_id, subject_id, location) VALUES ('Feli', 'C1', 30, 2, 55, 'Bernal');
INSERT INTO courses(assigned_teachers, name, total_quotes, semester_id, subject_id, location) VALUES ('Feli', 'C2', 32, 2, 55, 'Bernal');

-- Quote requests:
INSERT INTO quote_requests(comment, state, course_id, student_id, admin_comment, created_on) VALUES ('No puedo por horario de trabajo', 0, 1, 1, 'Lo voy a pensar con Gabi', '2022-03-02 03:30:00'::timestamp);
INSERT INTO quote_requests(comment, state, course_id, student_id, admin_comment, created_on) VALUES ('No puedo por horario de trabajo', 0, 3, 1, 'Mmmm revisar bien porque ...', '2022-03-01 03:15:00'::timestamp);
INSERT INTO quote_requests(comment, state, course_id, student_id, admin_comment, created_on) VALUES ('No puedo por horario de trabajo', 0, 5, 1, '', '2022-03-02 06:00:00'::timestamp);
INSERT INTO quote_requests(comment, state, course_id, student_id, admin_comment, created_on) VALUES ('No puedo por horario de trabajo', 0, 7, 1, '', '2022-03-02 09:00:00'::timestamp);
INSERT INTO quote_requests(comment, state, course_id, student_id, admin_comment, created_on) VALUES ('No puedo por horario de trabajo', 0, 9, 1, '', '2022-03-02 10:32:00'::timestamp);
INSERT INTO quote_requests(comment, state, course_id, student_id, admin_comment, created_on) VALUES ('No puedo por horario de trabajo', 0, 11, 1, '', '2022-03-03 07:00:00'::timestamp);
INSERT INTO quote_requests(comment, state, course_id, student_id, admin_comment, created_on) VALUES ('No puedo por horario de trabajo', 0, 1, 2, '', '2022-03-05 03:00:00'::timestamp);
INSERT INTO quote_requests(comment, state, course_id, student_id, admin_comment, created_on) VALUES ('No puedo por horario de trabajo', 0, 3, 2, '', '2022-03-06 13:00:00'::timestamp);
INSERT INTO quote_requests(comment, state, course_id, student_id, admin_comment, created_on) VALUES ('No puedo por horario de trabajo', 0, 5, 2, '', '2022-03-07 23:00:00'::timestamp);
INSERT INTO quote_requests(comment, state, course_id, student_id, admin_comment, created_on) VALUES ('No puedo por horario de trabajo', 0, 7, 2, '', '2022-03-17 00:00:00'::timestamp);
INSERT INTO quote_requests(comment, state, course_id, student_id, admin_comment, created_on) VALUES ('No puedo por horario de trabajo', 0, 9, 2, '', '2022-03-20 15:30:00'::timestamp);
INSERT INTO quote_requests(comment, state, course_id, student_id, admin_comment, created_on) VALUES ('No puedo por horario de trabajo', 0, 2, 3, 'Lo veo complicado :S', '2022-03-09 09:33:33'::timestamp);

-- Student enrolled courses:
INSERT INTO student_enrolled_course(student_id, course_id) VALUES (1, 23);

-- Hours:
INSERT INTO hours(_day, _from, _to) VALUES (1, '09:00', '13:00');
INSERT INTO hours(_day, _from, _to) VALUES (2, '14:00', '18:00');
INSERT INTO hours(_day, _from, _to) VALUES (3, '18:00', '21:00');
INSERT INTO hours(_day, _from, _to) VALUES (4, '18:00', '22:00');
INSERT INTO hours(_day, _from, _to) VALUES (1, '09:00', '13:00');
INSERT INTO hours(_day, _from, _to) VALUES (2, '14:00', '18:00');
INSERT INTO hours(_day, _from, _to) VALUES (3, '18:00', '21:00');
INSERT INTO hours(_day, _from, _to) VALUES (4, '18:00', '22:00');
INSERT INTO hours(_day, _from, _to) VALUES (1, '09:00', '13:00');
INSERT INTO hours(_day, _from, _to) VALUES (2, '14:00', '18:00');
INSERT INTO hours(_day, _from, _to) VALUES (3, '18:00', '21:00');
INSERT INTO hours(_day, _from, _to) VALUES (4, '18:00', '22:00');
INSERT INTO hours(_day, _from, _to) VALUES (1, '09:00', '13:00');
INSERT INTO hours(_day, _from, _to) VALUES (2, '14:00', '18:00');
INSERT INTO hours(_day, _from, _to) VALUES (3, '18:00', '21:00');
INSERT INTO hours(_day, _from, _to) VALUES (4, '18:00', '22:00');
INSERT INTO hours(_day, _from, _to) VALUES (1, '09:00', '13:00');
INSERT INTO hours(_day, _from, _to) VALUES (2, '14:00', '18:00');
INSERT INTO hours(_day, _from, _to) VALUES (3, '18:00', '21:00');
INSERT INTO hours(_day, _from, _to) VALUES (4, '18:00', '22:00');
INSERT INTO hours(_day, _from, _to) VALUES (1, '09:00', '13:00');
INSERT INTO hours(_day, _from, _to) VALUES (2, '14:00', '18:00');
INSERT INTO hours(_day, _from, _to) VALUES (3, '18:00', '21:00');
INSERT INTO hours(_day, _from, _to) VALUES (4, '18:00', '22:00');
INSERT INTO hours(_day, _from, _to) VALUES (1, '09:00', '13:00');
INSERT INTO hours(_day, _from, _to) VALUES (2, '14:00', '18:00');
INSERT INTO hours(_day, _from, _to) VALUES (3, '18:00', '21:00');
INSERT INTO hours(_day, _from, _to) VALUES (4, '18:00', '22:00');
INSERT INTO hours(_day, _from, _to) VALUES (1, '09:00', '13:00');
INSERT INTO hours(_day, _from, _to) VALUES (2, '14:00', '18:00');
INSERT INTO hours(_day, _from, _to) VALUES (3, '18:00', '21:00');
INSERT INTO hours(_day, _from, _to) VALUES (4, '18:00', '22:00');
INSERT INTO hours(_day, _from, _to) VALUES (1, '09:00', '13:00');
INSERT INTO hours(_day, _from, _to) VALUES (2, '14:00', '18:00');
INSERT INTO hours(_day, _from, _to) VALUES (3, '18:00', '21:00');
INSERT INTO hours(_day, _from, _to) VALUES (4, '18:00', '22:00');
INSERT INTO hours(_day, _from, _to) VALUES (1, '09:00', '13:00');
INSERT INTO hours(_day, _from, _to) VALUES (2, '14:00', '18:00');
INSERT INTO hours(_day, _from, _to) VALUES (3, '18:00', '21:00');
INSERT INTO hours(_day, _from, _to) VALUES (4, '18:00', '22:00');
INSERT INTO hours(_day, _from, _to) VALUES (1, '09:00', '13:00');
INSERT INTO hours(_day, _from, _to) VALUES (2, '14:00', '18:00');
INSERT INTO hours(_day, _from, _to) VALUES (3, '18:00', '21:00');
INSERT INTO hours(_day, _from, _to) VALUES (4, '18:00', '22:00');
INSERT INTO hours(_day, _from, _to) VALUES (1, '09:00', '13:00');
INSERT INTO hours(_day, _from, _to) VALUES (2, '14:00', '18:00');
INSERT INTO hours(_day, _from, _to) VALUES (3, '18:00', '21:00');
INSERT INTO hours(_day, _from, _to) VALUES (4, '18:00', '22:00');
INSERT INTO hours(_day, _from, _to) VALUES (1, '09:00', '13:00');
INSERT INTO hours(_day, _from, _to) VALUES (2, '14:00', '18:00');
INSERT INTO hours(_day, _from, _to) VALUES (3, '18:00', '21:00');
INSERT INTO hours(_day, _from, _to) VALUES (4, '18:00', '22:00');
INSERT INTO hours(_day, _from, _to) VALUES (1, '09:00', '13:00');
INSERT INTO hours(_day, _from, _to) VALUES (2, '14:00', '18:00');
INSERT INTO hours(_day, _from, _to) VALUES (3, '18:00', '21:00');
INSERT INTO hours(_day, _from, _to) VALUES (4, '18:00', '22:00');
INSERT INTO hours(_day, _from, _to) VALUES (1, '09:00', '13:00');
INSERT INTO hours(_day, _from, _to) VALUES (2, '14:00', '18:00');
INSERT INTO hours(_day, _from, _to) VALUES (3, '18:00', '21:00');
INSERT INTO hours(_day, _from, _to) VALUES (4, '18:00', '22:00');
INSERT INTO hours(_day, _from, _to) VALUES (1, '09:00', '13:00');
INSERT INTO hours(_day, _from, _to) VALUES (2, '14:00', '18:00');
INSERT INTO hours(_day, _from, _to) VALUES (3, '18:00', '21:00');
INSERT INTO hours(_day, _from, _to) VALUES (4, '18:00', '22:00');
INSERT INTO hours(_day, _from, _to) VALUES (1, '09:00', '13:00');
INSERT INTO hours(_day, _from, _to) VALUES (2, '14:00', '18:00');
INSERT INTO hours(_day, _from, _to) VALUES (3, '18:00', '21:00');
INSERT INTO hours(_day, _from, _to) VALUES (4, '18:00', '22:00');
INSERT INTO hours(_day, _from, _to) VALUES (1, '09:00', '13:00');
INSERT INTO hours(_day, _from, _to) VALUES (2, '14:00', '18:00');
INSERT INTO hours(_day, _from, _to) VALUES (3, '18:00', '21:00');
INSERT INTO hours(_day, _from, _to) VALUES (4, '18:00', '22:00');
INSERT INTO hours(_day, _from, _to) VALUES (1, '09:00', '13:00');
INSERT INTO hours(_day, _from, _to) VALUES (2, '14:00', '18:00');
INSERT INTO hours(_day, _from, _to) VALUES (3, '18:00', '21:00');
INSERT INTO hours(_day, _from, _to) VALUES (4, '18:00', '22:00');
INSERT INTO hours(_day, _from, _to) VALUES (1, '09:00', '13:00');
INSERT INTO hours(_day, _from, _to) VALUES (2, '14:00', '18:00');
INSERT INTO hours(_day, _from, _to) VALUES (3, '18:00', '21:00');
INSERT INTO hours(_day, _from, _to) VALUES (4, '18:00', '22:00');
INSERT INTO hours(_day, _from, _to) VALUES (1, '09:00', '13:00');
INSERT INTO hours(_day, _from, _to) VALUES (2, '14:00', '18:00');
INSERT INTO hours(_day, _from, _to) VALUES (3, '18:00', '21:00');
INSERT INTO hours(_day, _from, _to) VALUES (4, '18:00', '22:00');
INSERT INTO hours(_day, _from, _to) VALUES (1, '09:00', '13:00');
INSERT INTO hours(_day, _from, _to) VALUES (2, '14:00', '18:00');
INSERT INTO hours(_day, _from, _to) VALUES (3, '18:00', '21:00');
INSERT INTO hours(_day, _from, _to) VALUES (4, '18:00', '22:00');
INSERT INTO hours(_day, _from, _to) VALUES (1, '09:00', '13:00');
INSERT INTO hours(_day, _from, _to) VALUES (2, '14:00', '18:00');
INSERT INTO hours(_day, _from, _to) VALUES (3, '18:00', '21:00');
INSERT INTO hours(_day, _from, _to) VALUES (4, '18:00', '22:00');
INSERT INTO hours(_day, _from, _to) VALUES (1, '09:00', '13:00');
INSERT INTO hours(_day, _from, _to) VALUES (2, '14:00', '18:00');
INSERT INTO hours(_day, _from, _to) VALUES (3, '18:00', '21:00');
INSERT INTO hours(_day, _from, _to) VALUES (4, '18:00', '22:00');
INSERT INTO hours(_day, _from, _to) VALUES (1, '09:00', '13:00');
INSERT INTO hours(_day, _from, _to) VALUES (2, '14:00', '18:00');
INSERT INTO hours(_day, _from, _to) VALUES (3, '18:00', '21:00');
INSERT INTO hours(_day, _from, _to) VALUES (4, '18:00', '22:00');
INSERT INTO hours(_day, _from, _to) VALUES (1, '09:00', '13:00');
INSERT INTO hours(_day, _from, _to) VALUES (2, '14:00', '18:00');
INSERT INTO hours(_day, _from, _to) VALUES (3, '18:00', '21:00');
INSERT INTO hours(_day, _from, _to) VALUES (4, '18:00', '22:00');
INSERT INTO hours(_day, _from, _to) VALUES (1, '09:00', '13:00');
INSERT INTO hours(_day, _from, _to) VALUES (2, '14:00', '18:00');
INSERT INTO hours(_day, _from, _to) VALUES (3, '18:00', '21:00');
INSERT INTO hours(_day, _from, _to) VALUES (4, '18:00', '22:00');
INSERT INTO hours(_day, _from, _to) VALUES (1, '09:00', '13:00');
INSERT INTO hours(_day, _from, _to) VALUES (2, '14:00', '18:00');
INSERT INTO hours(_day, _from, _to) VALUES (3, '18:00', '21:00');
INSERT INTO hours(_day, _from, _to) VALUES (4, '18:00', '22:00');
INSERT INTO hours(_day, _from, _to) VALUES (1, '09:00', '13:00');
INSERT INTO hours(_day, _from, _to) VALUES (2, '14:00', '18:00');
INSERT INTO hours(_day, _from, _to) VALUES (3, '18:00', '21:00');
INSERT INTO hours(_day, _from, _to) VALUES (4, '18:00', '22:00');
INSERT INTO hours(_day, _from, _to) VALUES (1, '09:00', '13:00');
INSERT INTO hours(_day, _from, _to) VALUES (2, '14:00', '18:00');
INSERT INTO hours(_day, _from, _to) VALUES (3, '18:00', '21:00');
INSERT INTO hours(_day, _from, _to) VALUES (4, '18:00', '22:00');
INSERT INTO hours(_day, _from, _to) VALUES (1, '09:00', '13:00');
INSERT INTO hours(_day, _from, _to) VALUES (2, '14:00', '18:00');
INSERT INTO hours(_day, _from, _to) VALUES (3, '18:00', '21:00');
INSERT INTO hours(_day, _from, _to) VALUES (4, '18:00', '22:00');
INSERT INTO hours(_day, _from, _to) VALUES (1, '09:00', '13:00');
INSERT INTO hours(_day, _from, _to) VALUES (2, '14:00', '18:00');
INSERT INTO hours(_day, _from, _to) VALUES (3, '18:00', '21:00');
INSERT INTO hours(_day, _from, _to) VALUES (4, '18:00', '22:00');
INSERT INTO hours(_day, _from, _to) VALUES (1, '09:00', '13:00');
INSERT INTO hours(_day, _from, _to) VALUES (2, '14:00', '18:00');
INSERT INTO hours(_day, _from, _to) VALUES (3, '18:00', '21:00');
INSERT INTO hours(_day, _from, _to) VALUES (4, '18:00', '22:00');
INSERT INTO hours(_day, _from, _to) VALUES (1, '09:00', '13:00');
INSERT INTO hours(_day, _from, _to) VALUES (2, '14:00', '18:00');
INSERT INTO hours(_day, _from, _to) VALUES (3, '18:00', '21:00');
INSERT INTO hours(_day, _from, _to) VALUES (4, '18:00', '22:00');
INSERT INTO hours(_day, _from, _to) VALUES (1, '09:00', '13:00');
INSERT INTO hours(_day, _from, _to) VALUES (2, '14:00', '18:00');
INSERT INTO hours(_day, _from, _to) VALUES (3, '18:00', '21:00');
INSERT INTO hours(_day, _from, _to) VALUES (4, '18:00', '22:00');
INSERT INTO hours(_day, _from, _to) VALUES (1, '09:00', '13:00');
INSERT INTO hours(_day, _from, _to) VALUES (2, '14:00', '18:00');
INSERT INTO hours(_day, _from, _to) VALUES (3, '18:00', '21:00');
INSERT INTO hours(_day, _from, _to) VALUES (4, '18:00', '22:00');
INSERT INTO hours(_day, _from, _to) VALUES (1, '09:00', '13:00');
INSERT INTO hours(_day, _from, _to) VALUES (2, '14:00', '18:00');
INSERT INTO hours(_day, _from, _to) VALUES (3, '18:00', '21:00');
INSERT INTO hours(_day, _from, _to) VALUES (4, '18:00', '22:00');
INSERT INTO hours(_day, _from, _to) VALUES (1, '09:00', '13:00');
INSERT INTO hours(_day, _from, _to) VALUES (2, '14:00', '18:00');
INSERT INTO hours(_day, _from, _to) VALUES (3, '18:00', '21:00');
INSERT INTO hours(_day, _from, _to) VALUES (4, '18:00', '22:00');
INSERT INTO hours(_day, _from, _to) VALUES (1, '09:00', '13:00');
INSERT INTO hours(_day, _from, _to) VALUES (2, '14:00', '18:00');
INSERT INTO hours(_day, _from, _to) VALUES (3, '18:00', '21:00');
INSERT INTO hours(_day, _from, _to) VALUES (4, '18:00', '22:00');
INSERT INTO hours(_day, _from, _to) VALUES (1, '09:00', '13:00');
INSERT INTO hours(_day, _from, _to) VALUES (2, '14:00', '18:00');
INSERT INTO hours(_day, _from, _to) VALUES (3, '18:00', '21:00');
INSERT INTO hours(_day, _from, _to) VALUES (4, '18:00', '22:00');
INSERT INTO hours(_day, _from, _to) VALUES (1, '09:00', '13:00');
INSERT INTO hours(_day, _from, _to) VALUES (2, '14:00', '18:00');
INSERT INTO hours(_day, _from, _to) VALUES (3, '18:00', '21:00');
INSERT INTO hours(_day, _from, _to) VALUES (4, '18:00', '22:00');
INSERT INTO hours(_day, _from, _to) VALUES (1, '09:00', '13:00');
INSERT INTO hours(_day, _from, _to) VALUES (2, '14:00', '18:00');
INSERT INTO hours(_day, _from, _to) VALUES (3, '18:00', '21:00');
INSERT INTO hours(_day, _from, _to) VALUES (4, '18:00', '22:00');
INSERT INTO hours(_day, _from, _to) VALUES (1, '09:00', '13:00');
INSERT INTO hours(_day, _from, _to) VALUES (2, '14:00', '18:00');
INSERT INTO hours(_day, _from, _to) VALUES (3, '18:00', '21:00');
INSERT INTO hours(_day, _from, _to) VALUES (4, '18:00', '22:00');
INSERT INTO hours(_day, _from, _to) VALUES (1, '09:00', '13:00');
INSERT INTO hours(_day, _from, _to) VALUES (2, '14:00', '18:00');
INSERT INTO hours(_day, _from, _to) VALUES (3, '18:00', '21:00');
INSERT INTO hours(_day, _from, _to) VALUES (4, '18:00', '22:00');
INSERT INTO hours(_day, _from, _to) VALUES (1, '09:00', '13:00');
INSERT INTO hours(_day, _from, _to) VALUES (2, '14:00', '18:00');
INSERT INTO hours(_day, _from, _to) VALUES (3, '18:00', '21:00');
INSERT INTO hours(_day, _from, _to) VALUES (4, '18:00', '22:00');
INSERT INTO hours(_day, _from, _to) VALUES (1, '09:00', '13:00');
INSERT INTO hours(_day, _from, _to) VALUES (2, '14:00', '18:00');
INSERT INTO hours(_day, _from, _to) VALUES (3, '18:00', '21:00');
INSERT INTO hours(_day, _from, _to) VALUES (4, '18:00', '22:00');
INSERT INTO hours(_day, _from, _to) VALUES (1, '09:00', '13:00');
INSERT INTO hours(_day, _from, _to) VALUES (2, '14:00', '18:00');
INSERT INTO hours(_day, _from, _to) VALUES (3, '18:00', '21:00');
INSERT INTO hours(_day, _from, _to) VALUES (4, '18:00', '22:00');
INSERT INTO hours(_day, _from, _to) VALUES (1, '09:00', '13:00');
INSERT INTO hours(_day, _from, _to) VALUES (2, '14:00', '18:00');
INSERT INTO hours(_day, _from, _to) VALUES (3, '18:00', '21:00');
INSERT INTO hours(_day, _from, _to) VALUES (4, '18:00', '22:00');
INSERT INTO hours(_day, _from, _to) VALUES (1, '09:00', '13:00');
INSERT INTO hours(_day, _from, _to) VALUES (2, '14:00', '18:00');
INSERT INTO hours(_day, _from, _to) VALUES (3, '18:00', '21:00');
INSERT INTO hours(_day, _from, _to) VALUES (4, '18:00', '22:00');
INSERT INTO hours(_day, _from, _to) VALUES (1, '09:00', '13:00');
INSERT INTO hours(_day, _from, _to) VALUES (2, '14:00', '18:00');
INSERT INTO hours(_day, _from, _to) VALUES (3, '18:00', '21:00');
INSERT INTO hours(_day, _from, _to) VALUES (4, '18:00', '22:00');
INSERT INTO hours(_day, _from, _to) VALUES (2, '14:00', '18:00');
INSERT INTO hours(_day, _from, _to) VALUES (3, '18:00', '21:00');
INSERT INTO hours(_day, _from, _to) VALUES (4, '18:00', '22:00');
INSERT INTO hours(_day, _from, _to) VALUES (2, '14:00', '18:00');
INSERT INTO hours(_day, _from, _to) VALUES (3, '18:00', '21:00');
INSERT INTO hours(_day, _from, _to) VALUES (4, '18:00', '22:00');
INSERT INTO hours(_day, _from, _to) VALUES (2, '14:00', '18:00');
INSERT INTO hours(_day, _from, _to) VALUES (3, '18:00', '21:00');
INSERT INTO hours(_day, _from, _to) VALUES (4, '18:00', '22:00');

-- Course hours:
INSERT INTO courses_hours(course_id, hours_id) VALUES (1, 1);
INSERT INTO courses_hours(course_id, hours_id) VALUES (1, 2);
INSERT INTO courses_hours(course_id, hours_id) VALUES (2, 3);
INSERT INTO courses_hours(course_id, hours_id) VALUES (2, 4);
INSERT INTO courses_hours(course_id, hours_id) VALUES (3, 5);
INSERT INTO courses_hours(course_id, hours_id) VALUES (3, 6);
INSERT INTO courses_hours(course_id, hours_id) VALUES (4, 7);
INSERT INTO courses_hours(course_id, hours_id) VALUES (4, 8);
INSERT INTO courses_hours(course_id, hours_id) VALUES (5, 9);
INSERT INTO courses_hours(course_id, hours_id) VALUES (5, 10);
INSERT INTO courses_hours(course_id, hours_id) VALUES (6, 11);
INSERT INTO courses_hours(course_id, hours_id) VALUES (6, 12);
INSERT INTO courses_hours(course_id, hours_id) VALUES (7, 13);
INSERT INTO courses_hours(course_id, hours_id) VALUES (7, 14);
INSERT INTO courses_hours(course_id, hours_id) VALUES (8, 15);
INSERT INTO courses_hours(course_id, hours_id) VALUES (9, 16);
INSERT INTO courses_hours(course_id, hours_id) VALUES (10, 17);
INSERT INTO courses_hours(course_id, hours_id) VALUES (10, 18);
INSERT INTO courses_hours(course_id, hours_id) VALUES (11, 19);
INSERT INTO courses_hours(course_id, hours_id) VALUES (11, 20);
INSERT INTO courses_hours(course_id, hours_id) VALUES (12, 21);
INSERT INTO courses_hours(course_id, hours_id) VALUES (12, 22);
INSERT INTO courses_hours(course_id, hours_id) VALUES (13, 23);
INSERT INTO courses_hours(course_id, hours_id) VALUES (13, 24);
INSERT INTO courses_hours(course_id, hours_id) VALUES (14, 25);
INSERT INTO courses_hours(course_id, hours_id) VALUES (14, 26);
INSERT INTO courses_hours(course_id, hours_id) VALUES (15, 27);
INSERT INTO courses_hours(course_id, hours_id) VALUES (15, 28);
INSERT INTO courses_hours(course_id, hours_id) VALUES (16, 29);
INSERT INTO courses_hours(course_id, hours_id) VALUES (16, 30);
INSERT INTO courses_hours(course_id, hours_id) VALUES (17, 31);
INSERT INTO courses_hours(course_id, hours_id) VALUES (18, 32);
INSERT INTO courses_hours(course_id, hours_id) VALUES (18, 33);
INSERT INTO courses_hours(course_id, hours_id) VALUES (19, 34);
INSERT INTO courses_hours(course_id, hours_id) VALUES (19, 35);
INSERT INTO courses_hours(course_id, hours_id) VALUES (20, 36);
INSERT INTO courses_hours(course_id, hours_id) VALUES (20, 37);
INSERT INTO courses_hours(course_id, hours_id) VALUES (21, 38);
INSERT INTO courses_hours(course_id, hours_id) VALUES (21, 39);
INSERT INTO courses_hours(course_id, hours_id) VALUES (22, 40);
INSERT INTO courses_hours(course_id, hours_id) VALUES (22, 41);
INSERT INTO courses_hours(course_id, hours_id) VALUES (23, 42);
INSERT INTO courses_hours(course_id, hours_id) VALUES (23, 43);
INSERT INTO courses_hours(course_id, hours_id) VALUES (24, 44);
INSERT INTO courses_hours(course_id, hours_id) VALUES (24, 45);
INSERT INTO courses_hours(course_id, hours_id) VALUES (25, 46);
INSERT INTO courses_hours(course_id, hours_id) VALUES (25, 47);
INSERT INTO courses_hours(course_id, hours_id) VALUES (26, 48);
INSERT INTO courses_hours(course_id, hours_id) VALUES (26, 49);
INSERT INTO courses_hours(course_id, hours_id) VALUES (27, 50);
INSERT INTO courses_hours(course_id, hours_id) VALUES (27, 51);
INSERT INTO courses_hours(course_id, hours_id) VALUES (28, 52);
INSERT INTO courses_hours(course_id, hours_id) VALUES (28, 53);
INSERT INTO courses_hours(course_id, hours_id) VALUES (29, 54);
INSERT INTO courses_hours(course_id, hours_id) VALUES (29, 55);
INSERT INTO courses_hours(course_id, hours_id) VALUES (30, 56);
INSERT INTO courses_hours(course_id, hours_id) VALUES (30, 57);
INSERT INTO courses_hours(course_id, hours_id) VALUES (31, 58);
INSERT INTO courses_hours(course_id, hours_id) VALUES (31, 59);
INSERT INTO courses_hours(course_id, hours_id) VALUES (32, 60);
INSERT INTO courses_hours(course_id, hours_id) VALUES (32, 61);
INSERT INTO courses_hours(course_id, hours_id) VALUES (33, 62);
INSERT INTO courses_hours(course_id, hours_id) VALUES (33, 63);
INSERT INTO courses_hours(course_id, hours_id) VALUES (34, 64);
INSERT INTO courses_hours(course_id, hours_id) VALUES (34, 65);
INSERT INTO courses_hours(course_id, hours_id) VALUES (35, 66);
INSERT INTO courses_hours(course_id, hours_id) VALUES (35, 67);
INSERT INTO courses_hours(course_id, hours_id) VALUES (36, 68);
INSERT INTO courses_hours(course_id, hours_id) VALUES (36, 69);
INSERT INTO courses_hours(course_id, hours_id) VALUES (37, 70);
INSERT INTO courses_hours(course_id, hours_id) VALUES (37, 71);
INSERT INTO courses_hours(course_id, hours_id) VALUES (38, 72);
INSERT INTO courses_hours(course_id, hours_id) VALUES (38, 73);
INSERT INTO courses_hours(course_id, hours_id) VALUES (39, 74);
INSERT INTO courses_hours(course_id, hours_id) VALUES (39, 75);
INSERT INTO courses_hours(course_id, hours_id) VALUES (40, 76);
INSERT INTO courses_hours(course_id, hours_id) VALUES (40, 77);
INSERT INTO courses_hours(course_id, hours_id) VALUES (41, 78);
INSERT INTO courses_hours(course_id, hours_id) VALUES (41, 79);
INSERT INTO courses_hours(course_id, hours_id) VALUES (42, 80);
INSERT INTO courses_hours(course_id, hours_id) VALUES (42, 81);
INSERT INTO courses_hours(course_id, hours_id) VALUES (43, 82);
INSERT INTO courses_hours(course_id, hours_id) VALUES (43, 83);
INSERT INTO courses_hours(course_id, hours_id) VALUES (44, 84);
INSERT INTO courses_hours(course_id, hours_id) VALUES (44, 85);
INSERT INTO courses_hours(course_id, hours_id) VALUES (45, 86);
INSERT INTO courses_hours(course_id, hours_id) VALUES (45, 87);
INSERT INTO courses_hours(course_id, hours_id) VALUES (46, 88);
INSERT INTO courses_hours(course_id, hours_id) VALUES (46, 89);
INSERT INTO courses_hours(course_id, hours_id) VALUES (47, 90);
INSERT INTO courses_hours(course_id, hours_id) VALUES (47, 91);
INSERT INTO courses_hours(course_id, hours_id) VALUES (48, 92);
INSERT INTO courses_hours(course_id, hours_id) VALUES (48, 93);
INSERT INTO courses_hours(course_id, hours_id) VALUES (49, 94);
INSERT INTO courses_hours(course_id, hours_id) VALUES (49, 95);
INSERT INTO courses_hours(course_id, hours_id) VALUES (50, 96);
INSERT INTO courses_hours(course_id, hours_id) VALUES (50, 97);
INSERT INTO courses_hours(course_id, hours_id) VALUES (51, 98);
INSERT INTO courses_hours(course_id, hours_id) VALUES (51, 99);
INSERT INTO courses_hours(course_id, hours_id) VALUES (52, 100);
INSERT INTO courses_hours(course_id, hours_id) VALUES (52, 101);
INSERT INTO courses_hours(course_id, hours_id) VALUES (53, 102);
INSERT INTO courses_hours(course_id, hours_id) VALUES (53, 103);
INSERT INTO courses_hours(course_id, hours_id) VALUES (54, 104);
INSERT INTO courses_hours(course_id, hours_id) VALUES (54, 105);
INSERT INTO courses_hours(course_id, hours_id) VALUES (55, 106);
INSERT INTO courses_hours(course_id, hours_id) VALUES (55, 107);
