-- Recommendation: Execute script in order.

-- News:
-- INSERT INTO news(title, message, image_source, image_alt, created_on) VALUES ('', '', '', '', '2022-05-18 14:30:00'::timestamp);

-- Validation Configuration (only prerequisite subjects -correlativas-)
INSERT INTO configurable_validation(validation, active) VALUES (0, true);

-- Users: (password = 'asd123')
INSERT INTO users(dni, email, first_name, last_name, role, legajo, username, password) VALUES ('11111111', 'alumno@gmail.com', 'Henry', 'Rice', 1, '34627', 'alumno', '$2a$10$Zob6s32CjqlljykztJfjU.sbCZLRZuXuvPqB4LcuhTrkuLKoUdvBC');
INSERT INTO users(dni, email, first_name, last_name, role, legajo, username, password) VALUES ('11111112', 'lio@gmail.com', 'Lionel', 'Messi', 1, '34628', 'messi10', '$2a$10$iD0BZtv59tgM60XESMFGwOegZy8bbvjH/O4FPUhlc5AI5zMu4DTYC');
INSERT INTO users(dni, email, first_name, last_name, role, legajo, username, password) VALUES ('11111113', 'alanturing@gmail.com', 'Alan', 'Turing', 1, '34629','alan_turing', '$2a$10$iD0BZtv59tgM60XESMFGwOegZy8bbvjH/O4FPUhlc5AI5zMu4DTYC');
INSERT INTO users(dni, email, first_name, last_name, role, legajo, username, password) VALUES ('99999999', 'pepegrillo@gmail.com', 'Pepe', 'Grillo', 1, '99999','pepe', '$2a$10$iD0BZtv59tgM60XESMFGwOegZy8bbvjH/O4FPUhlc5AI5zMu4DTYC');
INSERT INTO users(dni, email, first_name, last_name, role, legajo, username, password) VALUES ('22222222', 'director@gmail.com', 'director', 'director', 2, null, 'director', '$2a$10$iD0BZtv59tgM60XESMFGwOegZy8bbvjH/O4FPUhlc5AI5zMu4DTYC');

-- Degrees:
INSERT INTO degrees(acronym, name) VALUES ('TPI', 'Tecnicatura en Programación Informática');
INSERT INTO degrees(acronym, name) VALUES ('LI', 'Licenciatura en Informática');

INSERT INTO external_degrees(degree_id, guarani_code) VALUES (1, 1);
INSERT INTO external_degrees(degree_id, guarani_code) VALUES (2, 2);

INSERT INTO studied_degrees(student_id, degree_id, coefficient) VALUES (4, 1, 7.0);

-- Relation with Users and Degrees
INSERT INTO student_enrolled_degree(student_id, degree_id) VALUES (1,1);
INSERT INTO student_enrolled_degree(student_id, degree_id) VALUES (1,2);

INSERT INTO student_enrolled_degree(student_id, degree_id) VALUES (2,1);
INSERT INTO student_enrolled_degree(student_id, degree_id) VALUES (2,2);

INSERT INTO student_enrolled_degree(student_id, degree_id) VALUES (3,1);
INSERT INTO student_enrolled_degree(student_id, degree_id) VALUES (3,2);

INSERT INTO student_enrolled_degree(student_id, degree_id) VALUES (4,1);

-- Subjects:

INSERT INTO subjects(name) VALUES ('Lectura y escritura académica');
INSERT INTO subjects(name) VALUES ('Matemática');
INSERT INTO subjects(name) VALUES ('Elementos de programación y lógica');
INSERT INTO subjects(name) VALUES ('Matemática I');
INSERT INTO subjects(name) VALUES ('Introducción a la Programación');
INSERT INTO subjects(name) VALUES ('Organización de Computadoras');
INSERT INTO subjects(name) VALUES ('Estructuras de Datos');
INSERT INTO subjects(name) VALUES ('Programación con Objetos I');
INSERT INTO subjects(name) VALUES ('Bases de Datos');
INSERT INTO subjects(name) VALUES ('Matemática II');
INSERT INTO subjects(name) VALUES ('Programación con Objetos II');
INSERT INTO subjects(name) VALUES ('Redes de Computadoras');
INSERT INTO subjects(name) VALUES ('Sistemas Operativos');
INSERT INTO subjects(name) VALUES ('Programación Funcional');
INSERT INTO subjects(name) VALUES ('Construcción de Interfaces de Usuario');
INSERT INTO subjects(name) VALUES ('Algoritmos');
INSERT INTO subjects(name) VALUES ('Estrategias de Persistencia');
INSERT INTO subjects(name) VALUES ('Laboratorio de Sistemas Operativos y Redes');
INSERT INTO subjects(name) VALUES ('Análisis Matemático');
INSERT INTO subjects(name) VALUES ('Lógica y Programación');
INSERT INTO subjects(name) VALUES ('Elementos de Ingeniería de Software');
INSERT INTO subjects(name) VALUES ('Seguridad de la Información');
INSERT INTO subjects(name) VALUES ('Matemática III');
INSERT INTO subjects(name) VALUES ('Programación Concurrente');
INSERT INTO subjects(name) VALUES ('Ingeniería de Requerimientos');
INSERT INTO subjects(name) VALUES ('Práctica del Desarrollo de Software');
INSERT INTO subjects(name) VALUES ('Probabilidad y Estadística');
INSERT INTO subjects(name) VALUES ('Gestión de Proyectos de Software');
INSERT INTO subjects(name) VALUES ('Lenguajes Formales y Autómatas');
INSERT INTO subjects(name) VALUES ('Programación con Objetos III');
INSERT INTO subjects(name) VALUES ('Teoría de la Computación');
INSERT INTO subjects(name) VALUES ('Arquitectura de Software I');
INSERT INTO subjects(name) VALUES ('Sistemas Distribuidos');
INSERT INTO subjects(name) VALUES ('Características de Lenguajes de Programación');
INSERT INTO subjects(name) VALUES ('Arquitectura de Software II');
INSERT INTO subjects(name) VALUES ('Arquitectura de Computadoras');
INSERT INTO subjects(name) VALUES ('Parseo y generación de código');
INSERT INTO subjects(name) VALUES ('Aspectos Legales y Sociales');
INSERT INTO subjects(name) VALUES ('Bases de Datos II');
INSERT INTO subjects(name) VALUES ('Participación y Gestión en Proyectos de Software Libre');
INSERT INTO subjects(name) VALUES ('Introducción a la Bioinformática');
INSERT INTO subjects(name) VALUES ('Políticas Públicas en la Sociedad de la Información y la Era Digital');
INSERT INTO subjects(name) VALUES ('Sistemas de Información Geográfica');
INSERT INTO subjects(name) VALUES ('Herramientas Declarativas en Programación');
INSERT INTO subjects(name) VALUES ('Introducción al Desarrollo de Videojuegos');
INSERT INTO subjects(name) VALUES ('Derechos de Autor y Derechos de Copia en la Era Digital');
INSERT INTO subjects(name) VALUES ('Análisis Estático de Programas y Herramientas Asociadas');
INSERT INTO subjects(name) VALUES ('Seminarios');
INSERT INTO subjects(name) VALUES ('Semántica de Lenguajes de Programación');
INSERT INTO subjects(name) VALUES ('Seminarios sobre Herramientas o Técnicas Puntuales');
INSERT INTO subjects(name) VALUES ('Taller de Trabajo Intelectual');
INSERT INTO subjects(name) VALUES ('Taller de Trabajo Universitario');
INSERT INTO subjects(name) VALUES ('Inglés I');
INSERT INTO subjects(name) VALUES ('Inglés II');
INSERT INTO subjects(name) VALUES ('Desarrollo de Aplicaciones');
INSERT INTO subjects(name) VALUES ('Introducción a la Programación Cuántica');
INSERT INTO subjects(name) VALUES ('Redes Neuronales');
INSERT INTO subjects(name) VALUES ('Ciencia de Datos');

INSERT INTO external_subjects(subject_id, guarani_code) VALUES (1, 1);
INSERT INTO external_subjects(subject_id, guarani_code) VALUES (2, 2);
INSERT INTO external_subjects(subject_id, guarani_code) VALUES (3, 3);
INSERT INTO external_subjects(subject_id, guarani_code) VALUES (4, 4);
INSERT INTO external_subjects(subject_id, guarani_code) VALUES (5, 5);
INSERT INTO external_subjects(subject_id, guarani_code) VALUES (6, 6);
INSERT INTO external_subjects(subject_id, guarani_code) VALUES (7, 7);
INSERT INTO external_subjects(subject_id, guarani_code) VALUES (8, 8);
INSERT INTO external_subjects(subject_id, guarani_code) VALUES (9, 9);
INSERT INTO external_subjects(subject_id, guarani_code) VALUES (10, 10);
INSERT INTO external_subjects(subject_id, guarani_code) VALUES (11, 11);
INSERT INTO external_subjects(subject_id, guarani_code) VALUES (12, 12);
INSERT INTO external_subjects(subject_id, guarani_code) VALUES (13, 13);
INSERT INTO external_subjects(subject_id, guarani_code) VALUES (14, 14);
INSERT INTO external_subjects(subject_id, guarani_code) VALUES (15, 15);
INSERT INTO external_subjects(subject_id, guarani_code) VALUES (16, 16);
INSERT INTO external_subjects(subject_id, guarani_code) VALUES (17, 17);
INSERT INTO external_subjects(subject_id, guarani_code) VALUES (18, 18);
INSERT INTO external_subjects(subject_id, guarani_code) VALUES (19, 19);
INSERT INTO external_subjects(subject_id, guarani_code) VALUES (20, 20);
INSERT INTO external_subjects(subject_id, guarani_code) VALUES (21, 21);
INSERT INTO external_subjects(subject_id, guarani_code) VALUES (22, 22);
INSERT INTO external_subjects(subject_id, guarani_code) VALUES (23, 23);
INSERT INTO external_subjects(subject_id, guarani_code) VALUES (24, 24);
INSERT INTO external_subjects(subject_id, guarani_code) VALUES (25, 25);
INSERT INTO external_subjects(subject_id, guarani_code) VALUES (26, 26);
INSERT INTO external_subjects(subject_id, guarani_code) VALUES (27, 27);
INSERT INTO external_subjects(subject_id, guarani_code) VALUES (28, 28);
INSERT INTO external_subjects(subject_id, guarani_code) VALUES (29, 29);
INSERT INTO external_subjects(subject_id, guarani_code) VALUES (30, 30);
INSERT INTO external_subjects(subject_id, guarani_code) VALUES (31, 31);
INSERT INTO external_subjects(subject_id, guarani_code) VALUES (32, 32);
INSERT INTO external_subjects(subject_id, guarani_code) VALUES (33, 33);
INSERT INTO external_subjects(subject_id, guarani_code) VALUES (34, 34);
INSERT INTO external_subjects(subject_id, guarani_code) VALUES (35, 35);
INSERT INTO external_subjects(subject_id, guarani_code) VALUES (36, 36);
INSERT INTO external_subjects(subject_id, guarani_code) VALUES (37, 37);
INSERT INTO external_subjects(subject_id, guarani_code) VALUES (38, 38);
INSERT INTO external_subjects(subject_id, guarani_code) VALUES (39, 39);
INSERT INTO external_subjects(subject_id, guarani_code) VALUES (40, 40);
INSERT INTO external_subjects(subject_id, guarani_code) VALUES (41, 41);
INSERT INTO external_subjects(subject_id, guarani_code) VALUES (42, 42);
INSERT INTO external_subjects(subject_id, guarani_code) VALUES (43, 43);
INSERT INTO external_subjects(subject_id, guarani_code) VALUES (44, 44);
INSERT INTO external_subjects(subject_id, guarani_code) VALUES (45, 45);
INSERT INTO external_subjects(subject_id, guarani_code) VALUES (46, 46);
INSERT INTO external_subjects(subject_id, guarani_code) VALUES (47, 47);
INSERT INTO external_subjects(subject_id, guarani_code) VALUES (48, 48);
INSERT INTO external_subjects(subject_id, guarani_code) VALUES (49, 49);
INSERT INTO external_subjects(subject_id, guarani_code) VALUES (50, 50);
INSERT INTO external_subjects(subject_id, guarani_code) VALUES (51, 51);
INSERT INTO external_subjects(subject_id, guarani_code) VALUES (52, 52);
INSERT INTO external_subjects(subject_id, guarani_code) VALUES (53, 53);
INSERT INTO external_subjects(subject_id, guarani_code) VALUES (54, 54);
INSERT INTO external_subjects(subject_id, guarani_code) VALUES (55, 55);
INSERT INTO external_subjects(subject_id, guarani_code) VALUES (56, 56);
INSERT INTO external_subjects(subject_id, guarani_code) VALUES (57, 57);


INSERT INTO prerequisite_subjects(subject_id, prerequisite_subject_id) VALUES (4, 3);
INSERT INTO prerequisite_subjects(subject_id, prerequisite_subject_id) VALUES (4, 2);
INSERT INTO prerequisite_subjects(subject_id, prerequisite_subject_id) VALUES (5, 3);
INSERT INTO prerequisite_subjects(subject_id, prerequisite_subject_id) VALUES (6, 3);
INSERT INTO prerequisite_subjects(subject_id, prerequisite_subject_id) VALUES (7, 3);
INSERT INTO prerequisite_subjects(subject_id, prerequisite_subject_id) VALUES (8, 3);
INSERT INTO prerequisite_subjects(subject_id, prerequisite_subject_id) VALUES (9, 4);
INSERT INTO prerequisite_subjects(subject_id, prerequisite_subject_id) VALUES (10, 4);
INSERT INTO prerequisite_subjects(subject_id, prerequisite_subject_id) VALUES (11, 8);
INSERT INTO prerequisite_subjects(subject_id, prerequisite_subject_id) VALUES (12, 6);
INSERT INTO prerequisite_subjects(subject_id, prerequisite_subject_id) VALUES (13, 5);
INSERT INTO prerequisite_subjects(subject_id, prerequisite_subject_id) VALUES (13, 6);
INSERT INTO prerequisite_subjects(subject_id, prerequisite_subject_id) VALUES (14, 7);
INSERT INTO prerequisite_subjects(subject_id, prerequisite_subject_id) VALUES (15, 11);
INSERT INTO prerequisite_subjects(subject_id, prerequisite_subject_id) VALUES (16, 14);
INSERT INTO prerequisite_subjects(subject_id, prerequisite_subject_id) VALUES (17, 11);
INSERT INTO prerequisite_subjects(subject_id, prerequisite_subject_id) VALUES (18, 12);
INSERT INTO prerequisite_subjects(subject_id, prerequisite_subject_id) VALUES (18, 13);
INSERT INTO prerequisite_subjects(subject_id, prerequisite_subject_id) VALUES (19, 10);
INSERT INTO prerequisite_subjects(subject_id, prerequisite_subject_id) VALUES (20, 4);
INSERT INTO prerequisite_subjects(subject_id, prerequisite_subject_id) VALUES (20, 5);
INSERT INTO prerequisite_subjects(subject_id, prerequisite_subject_id) VALUES (21, 11);
INSERT INTO prerequisite_subjects(subject_id, prerequisite_subject_id) VALUES (22, 18);
INSERT INTO prerequisite_subjects(subject_id, prerequisite_subject_id) VALUES (23, 19);
INSERT INTO prerequisite_subjects(subject_id, prerequisite_subject_id) VALUES (24, 7);
INSERT INTO prerequisite_subjects(subject_id, prerequisite_subject_id) VALUES (25, 21);
INSERT INTO prerequisite_subjects(subject_id, prerequisite_subject_id) VALUES (26, 15);
INSERT INTO prerequisite_subjects(subject_id, prerequisite_subject_id) VALUES (27, 23);
INSERT INTO prerequisite_subjects(subject_id, prerequisite_subject_id) VALUES (28, 25);
INSERT INTO prerequisite_subjects(subject_id, prerequisite_subject_id) VALUES (29, 20);
INSERT INTO prerequisite_subjects(subject_id, prerequisite_subject_id) VALUES (30, 11);
INSERT INTO prerequisite_subjects(subject_id, prerequisite_subject_id) VALUES (31, 29);
INSERT INTO prerequisite_subjects(subject_id, prerequisite_subject_id) VALUES (32, 24);
INSERT INTO prerequisite_subjects(subject_id, prerequisite_subject_id) VALUES (32, 26);
INSERT INTO prerequisite_subjects(subject_id, prerequisite_subject_id) VALUES (32, 28);
INSERT INTO prerequisite_subjects(subject_id, prerequisite_subject_id) VALUES (32, 22);
INSERT INTO prerequisite_subjects(subject_id, prerequisite_subject_id) VALUES (33, 24);
INSERT INTO prerequisite_subjects(subject_id, prerequisite_subject_id) VALUES (33, 18);
INSERT INTO prerequisite_subjects(subject_id, prerequisite_subject_id) VALUES (34, 20);
INSERT INTO prerequisite_subjects(subject_id, prerequisite_subject_id) VALUES (35, 32);
INSERT INTO prerequisite_subjects(subject_id, prerequisite_subject_id) VALUES (35, 33);
INSERT INTO prerequisite_subjects(subject_id, prerequisite_subject_id) VALUES (36, 18);
INSERT INTO prerequisite_subjects(subject_id, prerequisite_subject_id) VALUES (37, 29);
INSERT INTO prerequisite_subjects(subject_id, prerequisite_subject_id) VALUES (37, 34);
INSERT INTO prerequisite_subjects(subject_id, prerequisite_subject_id) VALUES (39, 9);
INSERT INTO prerequisite_subjects(subject_id, prerequisite_subject_id) VALUES (54, 53);
INSERT INTO prerequisite_subjects(subject_id, prerequisite_subject_id) VALUES (55, 15);
INSERT INTO prerequisite_subjects(subject_id, prerequisite_subject_id) VALUES (55, 17);
INSERT INTO prerequisite_subjects(subject_id, prerequisite_subject_id) VALUES (55, 21);
INSERT INTO prerequisite_subjects(subject_id, prerequisite_subject_id) VALUES (56, 34);
INSERT INTO prerequisite_subjects(subject_id, prerequisite_subject_id) VALUES (56, 23);


INSERT INTO degree_subject(degree_id, subject_id) VALUES (1, 1);
INSERT INTO degree_subject(degree_id, subject_id) VALUES (2, 1);
INSERT INTO degree_subject(degree_id, subject_id) VALUES (1, 2);
INSERT INTO degree_subject(degree_id, subject_id) VALUES (2, 2);
INSERT INTO degree_subject(degree_id, subject_id) VALUES (1, 3);
INSERT INTO degree_subject(degree_id, subject_id) VALUES (2, 3);
INSERT INTO degree_subject(degree_id, subject_id) VALUES (1, 4);
INSERT INTO degree_subject(degree_id, subject_id) VALUES (2, 4);
INSERT INTO degree_subject(degree_id, subject_id) VALUES (1, 5);
INSERT INTO degree_subject(degree_id, subject_id) VALUES (2, 5);
INSERT INTO degree_subject(degree_id, subject_id) VALUES (1, 6);
INSERT INTO degree_subject(degree_id, subject_id) VALUES (2, 6);
INSERT INTO degree_subject(degree_id, subject_id) VALUES (1, 7);
INSERT INTO degree_subject(degree_id, subject_id) VALUES (2, 7);
INSERT INTO degree_subject(degree_id, subject_id) VALUES (1, 8);
INSERT INTO degree_subject(degree_id, subject_id) VALUES (2, 8);
INSERT INTO degree_subject(degree_id, subject_id) VALUES (1, 9);
INSERT INTO degree_subject(degree_id, subject_id) VALUES (2, 9);
INSERT INTO degree_subject(degree_id, subject_id) VALUES (1, 10);
INSERT INTO degree_subject(degree_id, subject_id) VALUES (2, 10);
INSERT INTO degree_subject(degree_id, subject_id) VALUES (1, 11);
INSERT INTO degree_subject(degree_id, subject_id) VALUES (2, 11);
INSERT INTO degree_subject(degree_id, subject_id) VALUES (1, 12);
INSERT INTO degree_subject(degree_id, subject_id) VALUES (2, 12);
INSERT INTO degree_subject(degree_id, subject_id) VALUES (1, 13);
INSERT INTO degree_subject(degree_id, subject_id) VALUES (2, 13);
INSERT INTO degree_subject(degree_id, subject_id) VALUES (1, 14);
INSERT INTO degree_subject(degree_id, subject_id) VALUES (2, 14);
INSERT INTO degree_subject(degree_id, subject_id) VALUES (1, 15);
INSERT INTO degree_subject(degree_id, subject_id) VALUES (2, 15);
INSERT INTO degree_subject(degree_id, subject_id) VALUES (2, 16);
INSERT INTO degree_subject(degree_id, subject_id) VALUES (1, 17);
INSERT INTO degree_subject(degree_id, subject_id) VALUES (2, 17);
INSERT INTO degree_subject(degree_id, subject_id) VALUES (1, 18);
INSERT INTO degree_subject(degree_id, subject_id) VALUES (2, 18);
INSERT INTO degree_subject(degree_id, subject_id) VALUES (2, 19);
INSERT INTO degree_subject(degree_id, subject_id) VALUES (2, 20);
INSERT INTO degree_subject(degree_id, subject_id) VALUES (1, 21);
INSERT INTO degree_subject(degree_id, subject_id) VALUES (2, 21);
INSERT INTO degree_subject(degree_id, subject_id) VALUES (2, 22);
INSERT INTO degree_subject(degree_id, subject_id) VALUES (2, 23);
INSERT INTO degree_subject(degree_id, subject_id) VALUES (1, 24);
INSERT INTO degree_subject(degree_id, subject_id) VALUES (2, 24);
INSERT INTO degree_subject(degree_id, subject_id) VALUES (2, 25);
INSERT INTO degree_subject(degree_id, subject_id) VALUES (2, 26);
INSERT INTO degree_subject(degree_id, subject_id) VALUES (2, 27);
INSERT INTO degree_subject(degree_id, subject_id) VALUES (2, 28);
INSERT INTO degree_subject(degree_id, subject_id) VALUES (2, 29);
INSERT INTO degree_subject(degree_id, subject_id) VALUES (2, 30);
INSERT INTO degree_subject(degree_id, subject_id) VALUES (2, 31);
INSERT INTO degree_subject(degree_id, subject_id) VALUES (2, 32);
INSERT INTO degree_subject(degree_id, subject_id) VALUES (2, 33);
INSERT INTO degree_subject(degree_id, subject_id) VALUES (2, 34);
INSERT INTO degree_subject(degree_id, subject_id) VALUES (2, 35);
INSERT INTO degree_subject(degree_id, subject_id) VALUES (2, 36);
INSERT INTO degree_subject(degree_id, subject_id) VALUES (2, 37);
INSERT INTO degree_subject(degree_id, subject_id) VALUES (2, 38);
INSERT INTO degree_subject(degree_id, subject_id) VALUES (1, 39);
INSERT INTO degree_subject(degree_id, subject_id) VALUES (2, 39);
INSERT INTO degree_subject(degree_id, subject_id) VALUES (1, 40);
INSERT INTO degree_subject(degree_id, subject_id) VALUES (2, 40);
INSERT INTO degree_subject(degree_id, subject_id) VALUES (1, 41);
INSERT INTO degree_subject(degree_id, subject_id) VALUES (2, 41);
INSERT INTO degree_subject(degree_id, subject_id) VALUES (1, 42);
INSERT INTO degree_subject(degree_id, subject_id) VALUES (2, 42);
INSERT INTO degree_subject(degree_id, subject_id) VALUES (1, 43);
INSERT INTO degree_subject(degree_id, subject_id) VALUES (2, 43);
INSERT INTO degree_subject(degree_id, subject_id) VALUES (1, 44);
INSERT INTO degree_subject(degree_id, subject_id) VALUES (2, 44);
INSERT INTO degree_subject(degree_id, subject_id) VALUES (1, 45);
INSERT INTO degree_subject(degree_id, subject_id) VALUES (2, 45);
INSERT INTO degree_subject(degree_id, subject_id) VALUES (1, 46);
INSERT INTO degree_subject(degree_id, subject_id) VALUES (2, 46);
INSERT INTO degree_subject(degree_id, subject_id) VALUES (1, 47);
INSERT INTO degree_subject(degree_id, subject_id) VALUES (2, 47);
INSERT INTO degree_subject(degree_id, subject_id) VALUES (1, 48);
INSERT INTO degree_subject(degree_id, subject_id) VALUES (2, 48);
INSERT INTO degree_subject(degree_id, subject_id) VALUES (1, 49);
INSERT INTO degree_subject(degree_id, subject_id) VALUES (2, 49);
INSERT INTO degree_subject(degree_id, subject_id) VALUES (1, 50);
INSERT INTO degree_subject(degree_id, subject_id) VALUES (2, 50);
INSERT INTO degree_subject(degree_id, subject_id) VALUES (1, 51);
INSERT INTO degree_subject(degree_id, subject_id) VALUES (2, 51);
INSERT INTO degree_subject(degree_id, subject_id) VALUES (1, 52);
INSERT INTO degree_subject(degree_id, subject_id) VALUES (2, 52);
INSERT INTO degree_subject(degree_id, subject_id) VALUES (1, 53);
INSERT INTO degree_subject(degree_id, subject_id) VALUES (2, 53);
INSERT INTO degree_subject(degree_id, subject_id) VALUES (1, 54);
INSERT INTO degree_subject(degree_id, subject_id) VALUES (2, 54);
INSERT INTO degree_subject(degree_id, subject_id) VALUES (1, 55);

-- Semesters:
INSERT INTO semesters(is_snd_semester, year, accept_quote_requests_from, accept_quote_requests_to) VALUES (false, 2022, '2022-02-01 03:00:00'::timestamp, '2022-10-01 03:00:00'::timestamp);
INSERT INTO semesters(is_snd_semester, year, accept_quote_requests_from, accept_quote_requests_to) VALUES (true, 2022, '2022-07-01 03:00:00'::timestamp, '2022-12-01 03:00:00'::timestamp);

-- Courses - Primary semester
INSERT INTO courses(assigned_teachers, name, total_quotes, semester_id, subject_id) VALUES ('Susana Grillo', 'C1', 30, 1, 1);
INSERT INTO courses(assigned_teachers, name, total_quotes, semester_id, subject_id) VALUES ('Susana Grillo', 'C2', 32, 1, 1);
INSERT INTO courses(assigned_teachers, name, total_quotes, semester_id, subject_id) VALUES ('Alexander', 'C1', 30, 1, 2);
INSERT INTO courses(assigned_teachers, name, total_quotes, semester_id, subject_id) VALUES ('Alexander', 'C2', 32, 1, 2);
INSERT INTO courses(assigned_teachers, name, total_quotes, semester_id, subject_id) VALUES ('Flavia Saldaño', 'C1', 30, 1, 3);
INSERT INTO courses(assigned_teachers, name, total_quotes, semester_id, subject_id) VALUES ('Flavia Saldaño', 'C2', 32, 1, 3);
INSERT INTO courses(assigned_teachers, name, total_quotes, semester_id, subject_id) VALUES ('Susana', 'C1', 30, 1, 4);
INSERT INTO courses(assigned_teachers, name, total_quotes, semester_id, subject_id) VALUES ('Susana', 'C2', 32, 1, 4);
INSERT INTO courses(assigned_teachers, name, total_quotes, semester_id, subject_id) VALUES ('Alan Rodas', 'C1', 30, 1, 5);
INSERT INTO courses(assigned_teachers, name, total_quotes, semester_id, subject_id) VALUES ('Alan Rodas', 'C2', 32, 1, 5);
INSERT INTO courses(assigned_teachers, name, total_quotes, semester_id, subject_id) VALUES ('Denise', 'C1', 30, 1, 6);
INSERT INTO courses(assigned_teachers, name, total_quotes, semester_id, subject_id) VALUES ('Denise', 'C2', 32, 1, 6);
INSERT INTO courses(assigned_teachers, name, total_quotes, semester_id, subject_id) VALUES ('Fidel', 'C1', 30, 1, 7);
INSERT INTO courses(assigned_teachers, name, total_quotes, semester_id, subject_id) VALUES ('Fidel', 'C2', 32, 1, 7);
INSERT INTO courses(assigned_teachers, name, total_quotes, semester_id, subject_id) VALUES ('Maximo', 'C1', 30, 1, 8);
INSERT INTO courses(assigned_teachers, name, total_quotes, semester_id, subject_id) VALUES ('Maximo', 'C2', 32, 1, 8);
INSERT INTO courses(assigned_teachers, name, total_quotes, semester_id, subject_id) VALUES ('Gabriela Arévalo', 'C1', 30, 1, 9);
INSERT INTO courses(assigned_teachers, name, total_quotes, semester_id, subject_id) VALUES ('Gabriela Arévalo', 'C2', 32, 1, 9);
INSERT INTO courses(assigned_teachers, name, total_quotes, semester_id, subject_id) VALUES ('Jano', 'C1', 30, 1, 10);
INSERT INTO courses(assigned_teachers, name, total_quotes, semester_id, subject_id) VALUES ('Jano', 'C2', 32, 1, 10);
INSERT INTO courses(assigned_teachers, name, total_quotes, semester_id, subject_id) VALUES ('Diego T', 'C1', 30, 1, 11);
INSERT INTO courses(assigned_teachers, name, total_quotes, semester_id, subject_id) VALUES ('Diego T', 'C2', 32, 1, 11);
INSERT INTO courses(assigned_teachers, name, total_quotes, semester_id, subject_id) VALUES ('Cesar', 'C1', 30, 1, 12);
INSERT INTO courses(assigned_teachers, name, total_quotes, semester_id, subject_id) VALUES ('Cesar', 'C2', 32, 1, 12);
INSERT INTO courses(assigned_teachers, name, total_quotes, semester_id, subject_id) VALUES ('Mardelo', 'C1', 30, 1, 13);
INSERT INTO courses(assigned_teachers, name, total_quotes, semester_id, subject_id) VALUES ('Mardelo', 'C2', 32, 1, 13);
INSERT INTO courses(assigned_teachers, name, total_quotes, semester_id, subject_id) VALUES ('Fidel', 'C1', 30, 1, 14);
INSERT INTO courses(assigned_teachers, name, total_quotes, semester_id, subject_id) VALUES ('Fidel', 'C2', 32, 1, 14);
INSERT INTO courses(assigned_teachers, name, total_quotes, semester_id, subject_id) VALUES ('Martin', 'C1', 30, 1, 15);
INSERT INTO courses(assigned_teachers, name, total_quotes, semester_id, subject_id) VALUES ('Martin', 'C2', 32, 1, 15);
INSERT INTO courses(assigned_teachers, name, total_quotes, semester_id, subject_id) VALUES ('Pablo Facto', 'C1', 30, 1, 16);
INSERT INTO courses(assigned_teachers, name, total_quotes, semester_id, subject_id) VALUES ('Pablo Facto', 'C2', 32, 1, 16);
INSERT INTO courses(assigned_teachers, name, total_quotes, semester_id, subject_id) VALUES ('Ronny', 'C1', 30, 1, 17);
INSERT INTO courses(assigned_teachers, name, total_quotes, semester_id, subject_id) VALUES ('Ronny', 'C2', 32, 1, 17);
INSERT INTO courses(assigned_teachers, name, total_quotes, semester_id, subject_id) VALUES ('Jose Luis', 'C1', 30, 1, 18);
INSERT INTO courses(assigned_teachers, name, total_quotes, semester_id, subject_id) VALUES ('Jose Luis', 'C2', 32, 1, 18);
INSERT INTO courses(assigned_teachers, name, total_quotes, semester_id, subject_id) VALUES ('Claudia', 'C1', 30, 1, 19);
INSERT INTO courses(assigned_teachers, name, total_quotes, semester_id, subject_id) VALUES ('Claudia', 'C2', 32, 1, 19);
INSERT INTO courses(assigned_teachers, name, total_quotes, semester_id, subject_id) VALUES ('Ema Arevalo', 'C1', 30, 1, 20);
INSERT INTO courses(assigned_teachers, name, total_quotes, semester_id, subject_id) VALUES ('Ema Arevalo', 'C2', 32, 1, 20);
INSERT INTO courses(assigned_teachers, name, total_quotes, semester_id, subject_id) VALUES ('Pablo Suarez', 'C1', 30, 1, 21);
INSERT INTO courses(assigned_teachers, name, total_quotes, semester_id, subject_id) VALUES ('Pablo Suarez', 'C2', 32, 1, 21);
INSERT INTO courses(assigned_teachers, name, total_quotes, semester_id, subject_id) VALUES ('Fede', 'C1', 30, 1, 22);
INSERT INTO courses(assigned_teachers, name, total_quotes, semester_id, subject_id) VALUES ('Fede', 'C2', 32, 1, 22);
INSERT INTO courses(assigned_teachers, name, total_quotes, semester_id, subject_id) VALUES ('Claudia', 'C1', 30, 1, 23);
INSERT INTO courses(assigned_teachers, name, total_quotes, semester_id, subject_id) VALUES ('Claudia', 'C2', 32, 1, 23);
INSERT INTO courses(assigned_teachers, name, total_quotes, semester_id, subject_id) VALUES ('Dani', 'C1', 30, 1, 24);
INSERT INTO courses(assigned_teachers, name, total_quotes, semester_id, subject_id) VALUES ('Dani', 'C2', 32, 1, 24);
INSERT INTO courses(assigned_teachers, name, total_quotes, semester_id, subject_id) VALUES ('Pepe Grillo', 'C1', 30, 1, 25);
INSERT INTO courses(assigned_teachers, name, total_quotes, semester_id, subject_id) VALUES ('Pepe Grillo', 'C2', 32, 1, 25);
INSERT INTO courses(assigned_teachers, name, total_quotes, semester_id, subject_id) VALUES ('Gabriela Arévalo', 'C1', 30, 1, 26);
INSERT INTO courses(assigned_teachers, name, total_quotes, semester_id, subject_id) VALUES ('Gabriela Arévalo', 'C2', 32, 1, 26);
INSERT INTO courses(assigned_teachers, name, total_quotes, semester_id, subject_id) VALUES ('Jano', 'C1', 30, 1, 27);
INSERT INTO courses(assigned_teachers, name, total_quotes, semester_id, subject_id) VALUES ('Jano', 'C2', 32, 1, 27);
INSERT INTO courses(assigned_teachers, name, total_quotes, semester_id, subject_id) VALUES ('Pepe Grillo', 'C1', 30, 1, 28);
INSERT INTO courses(assigned_teachers, name, total_quotes, semester_id, subject_id) VALUES ('Pepe Grillo', 'C2', 32, 1, 28);
INSERT INTO courses(assigned_teachers, name, total_quotes, semester_id, subject_id) VALUES ('Ema Arevalo', 'C1', 30, 1, 29);
INSERT INTO courses(assigned_teachers, name, total_quotes, semester_id, subject_id) VALUES ('Ema Arevalo', 'C2', 32, 1, 29);
INSERT INTO courses(assigned_teachers, name, total_quotes, semester_id, subject_id) VALUES ('Diego T', 'C1', 30, 1, 30);
INSERT INTO courses(assigned_teachers, name, total_quotes, semester_id, subject_id) VALUES ('Diego T', 'C2', 32, 1, 30);
INSERT INTO courses(assigned_teachers, name, total_quotes, semester_id, subject_id) VALUES ('Jano', 'C1', 30, 1, 31);
INSERT INTO courses(assigned_teachers, name, total_quotes, semester_id, subject_id) VALUES ('Jano', 'C2', 32, 1, 31);
INSERT INTO courses(assigned_teachers, name, total_quotes, semester_id, subject_id) VALUES ('Claudia', 'C1', 30, 1, 32);
INSERT INTO courses(assigned_teachers, name, total_quotes, semester_id, subject_id) VALUES ('Claudia', 'C2', 32, 1, 32);
INSERT INTO courses(assigned_teachers, name, total_quotes, semester_id, subject_id) VALUES ('Marcelo', 'C1', 30, 1, 33);
INSERT INTO courses(assigned_teachers, name, total_quotes, semester_id, subject_id) VALUES ('Marcelo', 'C2', 32, 1, 33);
INSERT INTO courses(assigned_teachers, name, total_quotes, semester_id, subject_id) VALUES ('Jano', 'C1', 30, 1, 34);
INSERT INTO courses(assigned_teachers, name, total_quotes, semester_id, subject_id) VALUES ('Jano', 'C2', 32, 1, 34);
INSERT INTO courses(assigned_teachers, name, total_quotes, semester_id, subject_id) VALUES ('Juan Perez', 'C1', 30, 1, 35);
INSERT INTO courses(assigned_teachers, name, total_quotes, semester_id, subject_id) VALUES ('Juan Perez', 'C2', 32, 1, 35);
INSERT INTO courses(assigned_teachers, name, total_quotes, semester_id, subject_id) VALUES ('Susana', 'C1', 30, 1, 36);
INSERT INTO courses(assigned_teachers, name, total_quotes, semester_id, subject_id) VALUES ('Susana', 'C2', 32, 1, 36);
INSERT INTO courses(assigned_teachers, name, total_quotes, semester_id, subject_id) VALUES ('Juan Perez', 'C1', 30, 1, 37);
INSERT INTO courses(assigned_teachers, name, total_quotes, semester_id, subject_id) VALUES ('Juan Perez', 'C2', 32, 1, 37);
INSERT INTO courses(assigned_teachers, name, total_quotes, semester_id, subject_id) VALUES ('Lucas', 'C1', 30, 1, 38);
INSERT INTO courses(assigned_teachers, name, total_quotes, semester_id, subject_id) VALUES ('Lucas', 'C2', 32, 1, 38);
INSERT INTO courses(assigned_teachers, name, total_quotes, semester_id, subject_id) VALUES ('Gabriela Arévalo', 'C1', 30, 1, 39);
INSERT INTO courses(assigned_teachers, name, total_quotes, semester_id, subject_id) VALUES ('Gabriela Arévalo', 'C2', 32, 1, 39);
INSERT INTO courses(assigned_teachers, name, total_quotes, semester_id, subject_id) VALUES ('Gabriela Arévalo', 'C1', 30, 1, 40);
INSERT INTO courses(assigned_teachers, name, total_quotes, semester_id, subject_id) VALUES ('Gabriela Arévalo', 'C2', 32, 1, 40);
INSERT INTO courses(assigned_teachers, name, total_quotes, semester_id, subject_id) VALUES ('Juliana', 'C1', 30, 1, 41);
INSERT INTO courses(assigned_teachers, name, total_quotes, semester_id, subject_id) VALUES ('Juliana', 'C2', 32, 1, 41);
INSERT INTO courses(assigned_teachers, name, total_quotes, semester_id, subject_id) VALUES ('Fede Sawady', 'C1', 30, 1, 42);
INSERT INTO courses(assigned_teachers, name, total_quotes, semester_id, subject_id) VALUES ('Fede Sawady', 'C2', 32, 1, 42);
INSERT INTO courses(assigned_teachers, name, total_quotes, semester_id, subject_id) VALUES ('Flavia Saldaña', 'C1', 30, 1, 43);
INSERT INTO courses(assigned_teachers, name, total_quotes, semester_id, subject_id) VALUES ('Flavia Saldaña', 'C2', 32, 1, 43);
INSERT INTO courses(assigned_teachers, name, total_quotes, semester_id, subject_id) VALUES ('Jano', 'C1', 30, 1, 44);
INSERT INTO courses(assigned_teachers, name, total_quotes, semester_id, subject_id) VALUES ('Jano', 'C2', 32, 1, 44);
INSERT INTO courses(assigned_teachers, name, total_quotes, semester_id, subject_id) VALUES ('Diego T', 'C1', 30, 1, 45);
INSERT INTO courses(assigned_teachers, name, total_quotes, semester_id, subject_id) VALUES ('Diego T', 'C2', 32, 1, 45);
INSERT INTO courses(assigned_teachers, name, total_quotes, semester_id, subject_id) VALUES ('Marcelo', 'C1', 30, 1, 46);
INSERT INTO courses(assigned_teachers, name, total_quotes, semester_id, subject_id) VALUES ('Marcelo', 'C2', 32, 1, 46);
INSERT INTO courses(assigned_teachers, name, total_quotes, semester_id, subject_id) VALUES ('Fede Sawady', 'C1', 30, 1, 47);
INSERT INTO courses(assigned_teachers, name, total_quotes, semester_id, subject_id) VALUES ('Fede Sawady', 'C2', 32, 1, 47);
INSERT INTO courses(assigned_teachers, name, total_quotes, semester_id, subject_id) VALUES ('Gabriela Arévalo', 'C1', 30, 1, 48);
INSERT INTO courses(assigned_teachers, name, total_quotes, semester_id, subject_id) VALUES ('Gabriela Arévalo', 'C2', 32, 1, 48);
INSERT INTO courses(assigned_teachers, name, total_quotes, semester_id, subject_id) VALUES ('Maximo', 'C1', 30, 1, 49);
INSERT INTO courses(assigned_teachers, name, total_quotes, semester_id, subject_id) VALUES ('Maximo', 'C2', 32, 1, 49);
INSERT INTO courses(assigned_teachers, name, total_quotes, semester_id, subject_id) VALUES ('Pepe Grillo', 'C1', 30, 1, 50);
INSERT INTO courses(assigned_teachers, name, total_quotes, semester_id, subject_id) VALUES ('Pepe Grillo', 'C2', 32, 1, 50);
INSERT INTO courses(assigned_teachers, name, total_quotes, semester_id, subject_id) VALUES ('Pepe Grillo', 'C1', 30, 1, 51);
INSERT INTO courses(assigned_teachers, name, total_quotes, semester_id, subject_id) VALUES ('Pepe Grillo', 'C2', 32, 1, 51);
INSERT INTO courses(assigned_teachers, name, total_quotes, semester_id, subject_id) VALUES ('Pepe Grillo', 'C1', 30, 1, 52);
INSERT INTO courses(assigned_teachers, name, total_quotes, semester_id, subject_id) VALUES ('Pepe Grillo', 'C2', 32, 1, 52);
INSERT INTO courses(assigned_teachers, name, total_quotes, semester_id, subject_id) VALUES ('Liliana', 'C1', 30, 1, 53);
INSERT INTO courses(assigned_teachers, name, total_quotes, semester_id, subject_id) VALUES ('Liliana', 'C2', 32, 1, 53);
INSERT INTO courses(assigned_teachers, name, total_quotes, semester_id, subject_id) VALUES ('Liliana', 'C1', 30, 1, 54);
INSERT INTO courses(assigned_teachers, name, total_quotes, semester_id, subject_id) VALUES ('Liliana', 'C2', 32, 1, 54);
INSERT INTO courses(assigned_teachers, name, total_quotes, semester_id, subject_id) VALUES ('Feli', 'C1', 30, 1, 55);
INSERT INTO courses(assigned_teachers, name, total_quotes, semester_id, subject_id) VALUES ('Feli', 'C2', 32, 1, 55);

-- Courses - Secondary semester
INSERT INTO courses(assigned_teachers, name, total_quotes, semester_id, subject_id) VALUES ('Susana Grillo', 'C1', 30, 2, 1);
INSERT INTO courses(assigned_teachers, name, total_quotes, semester_id, subject_id) VALUES ('Susana Grillo', 'C2', 32, 2, 1);
INSERT INTO courses(assigned_teachers, name, total_quotes, semester_id, subject_id) VALUES ('Alexander', 'C1', 30, 2, 2);
INSERT INTO courses(assigned_teachers, name, total_quotes, semester_id, subject_id) VALUES ('Alexander', 'C2', 32, 2, 2);
INSERT INTO courses(assigned_teachers, name, total_quotes, semester_id, subject_id) VALUES ('Flavia Saldaño', 'C1', 30, 2, 3);
INSERT INTO courses(assigned_teachers, name, total_quotes, semester_id, subject_id) VALUES ('Flavia Saldaño', 'C2', 32, 2, 3);
INSERT INTO courses(assigned_teachers, name, total_quotes, semester_id, subject_id) VALUES ('Susana', 'C1', 30, 2, 4);
INSERT INTO courses(assigned_teachers, name, total_quotes, semester_id, subject_id) VALUES ('Susana', 'C2', 32, 2, 4);
INSERT INTO courses(assigned_teachers, name, total_quotes, semester_id, subject_id) VALUES ('Alan Rodas', 'C1', 30, 2, 5);
INSERT INTO courses(assigned_teachers, name, total_quotes, semester_id, subject_id) VALUES ('Alan Rodas', 'C2', 32, 2, 5);
INSERT INTO courses(assigned_teachers, name, total_quotes, semester_id, subject_id) VALUES ('Denise', 'C1', 30, 2, 6);
INSERT INTO courses(assigned_teachers, name, total_quotes, semester_id, subject_id) VALUES ('Denise', 'C2', 32, 2, 6);
INSERT INTO courses(assigned_teachers, name, total_quotes, semester_id, subject_id) VALUES ('Fidel', 'C1', 30, 2, 7);
INSERT INTO courses(assigned_teachers, name, total_quotes, semester_id, subject_id) VALUES ('Fidel', 'C2', 32, 2, 7);
INSERT INTO courses(assigned_teachers, name, total_quotes, semester_id, subject_id) VALUES ('Maximo', 'C1', 30, 2, 8);
INSERT INTO courses(assigned_teachers, name, total_quotes, semester_id, subject_id) VALUES ('Maximo', 'C2', 32, 2, 8);
INSERT INTO courses(assigned_teachers, name, total_quotes, semester_id, subject_id) VALUES ('Gabriela Arévalo', 'C1', 30, 2, 9);
INSERT INTO courses(assigned_teachers, name, total_quotes, semester_id, subject_id) VALUES ('Gabriela Arévalo', 'C2', 32, 2, 9);
INSERT INTO courses(assigned_teachers, name, total_quotes, semester_id, subject_id) VALUES ('Jano', 'C1', 30, 2, 10);
INSERT INTO courses(assigned_teachers, name, total_quotes, semester_id, subject_id) VALUES ('Jano', 'C2', 32, 2, 10);
INSERT INTO courses(assigned_teachers, name, total_quotes, semester_id, subject_id) VALUES ('Diego T', 'C1', 30, 2, 11);
INSERT INTO courses(assigned_teachers, name, total_quotes, semester_id, subject_id) VALUES ('Diego T', 'C2', 32, 2, 11);
INSERT INTO courses(assigned_teachers, name, total_quotes, semester_id, subject_id) VALUES ('Cesar', 'C1', 30, 2, 12);
INSERT INTO courses(assigned_teachers, name, total_quotes, semester_id, subject_id) VALUES ('Cesar', 'C2', 32, 2, 12);
INSERT INTO courses(assigned_teachers, name, total_quotes, semester_id, subject_id) VALUES ('Mardelo', 'C1', 30, 2, 13);
INSERT INTO courses(assigned_teachers, name, total_quotes, semester_id, subject_id) VALUES ('Mardelo', 'C2', 32, 2, 13);
INSERT INTO courses(assigned_teachers, name, total_quotes, semester_id, subject_id) VALUES ('Fidel', 'C1', 30, 2, 14);
INSERT INTO courses(assigned_teachers, name, total_quotes, semester_id, subject_id) VALUES ('Fidel', 'C2', 32, 2, 14);
INSERT INTO courses(assigned_teachers, name, total_quotes, semester_id, subject_id) VALUES ('Martin', 'C1', 30, 2, 15);
INSERT INTO courses(assigned_teachers, name, total_quotes, semester_id, subject_id) VALUES ('Martin', 'C2', 32, 2, 15);
INSERT INTO courses(assigned_teachers, name, total_quotes, semester_id, subject_id) VALUES ('Pablo Facto', 'C1', 30, 2, 16);
INSERT INTO courses(assigned_teachers, name, total_quotes, semester_id, subject_id) VALUES ('Pablo Facto', 'C2', 32, 2, 16);
INSERT INTO courses(assigned_teachers, name, total_quotes, semester_id, subject_id) VALUES ('Ronny', 'C1', 30, 2, 17);
INSERT INTO courses(assigned_teachers, name, total_quotes, semester_id, subject_id) VALUES ('Ronny', 'C2', 32, 2, 17);
INSERT INTO courses(assigned_teachers, name, total_quotes, semester_id, subject_id) VALUES ('Jose Luis', 'C1', 30, 2, 18);
INSERT INTO courses(assigned_teachers, name, total_quotes, semester_id, subject_id) VALUES ('Jose Luis', 'C2', 32, 2, 18);
INSERT INTO courses(assigned_teachers, name, total_quotes, semester_id, subject_id) VALUES ('Claudia', 'C1', 30, 2, 19);
INSERT INTO courses(assigned_teachers, name, total_quotes, semester_id, subject_id) VALUES ('Claudia', 'C2', 32, 2, 19);
INSERT INTO courses(assigned_teachers, name, total_quotes, semester_id, subject_id) VALUES ('Ema Arevalo', 'C1', 30,2, 20);
INSERT INTO courses(assigned_teachers, name, total_quotes, semester_id, subject_id) VALUES ('Ema Arevalo', 'C2', 32,2, 20);
INSERT INTO courses(assigned_teachers, name, total_quotes, semester_id, subject_id) VALUES ('Pablo Suarez', 'C1', 30, 2, 21);
INSERT INTO courses(assigned_teachers, name, total_quotes, semester_id, subject_id) VALUES ('Pablo Suarez', 'C2', 32, 2, 21);
INSERT INTO courses(assigned_teachers, name, total_quotes, semester_id, subject_id) VALUES ('Fede', 'C1', 30, 2, 22);
INSERT INTO courses(assigned_teachers, name, total_quotes, semester_id, subject_id) VALUES ('Fede', 'C2', 32, 2, 22);
INSERT INTO courses(assigned_teachers, name, total_quotes, semester_id, subject_id) VALUES ('Claudia', 'C1', 30, 2, 23);
INSERT INTO courses(assigned_teachers, name, total_quotes, semester_id, subject_id) VALUES ('Claudia', 'C2', 32, 2, 23);
INSERT INTO courses(assigned_teachers, name, total_quotes, semester_id, subject_id) VALUES ('Dani', 'C1', 30, 2, 24);
INSERT INTO courses(assigned_teachers, name, total_quotes, semester_id, subject_id) VALUES ('Dani', 'C2', 32, 2, 24);
INSERT INTO courses(assigned_teachers, name, total_quotes, semester_id, subject_id) VALUES ('Pepe Grillo', 'C1', 30, 2, 25);
INSERT INTO courses(assigned_teachers, name, total_quotes, semester_id, subject_id) VALUES ('Pepe Grillo', 'C2', 32, 2, 25);
INSERT INTO courses(assigned_teachers, name, total_quotes, semester_id, subject_id) VALUES ('Gabriela Arévalo', 'C1', 30, 2, 26);
INSERT INTO courses(assigned_teachers, name, total_quotes, semester_id, subject_id) VALUES ('Gabriela Arévalo', 'C2', 32, 2, 26);
INSERT INTO courses(assigned_teachers, name, total_quotes, semester_id, subject_id) VALUES ('Jano', 'C1', 30, 2, 27);
INSERT INTO courses(assigned_teachers, name, total_quotes, semester_id, subject_id) VALUES ('Jano', 'C2', 32, 2, 27);
INSERT INTO courses(assigned_teachers, name, total_quotes, semester_id, subject_id) VALUES ('Pepe Grillo', 'C1', 30, 2, 28);
INSERT INTO courses(assigned_teachers, name, total_quotes, semester_id, subject_id) VALUES ('Pepe Grillo', 'C2', 32, 2, 28);
INSERT INTO courses(assigned_teachers, name, total_quotes, semester_id, subject_id) VALUES ('Ema Arevalo', 'C1', 30, 2, 29);
INSERT INTO courses(assigned_teachers, name, total_quotes, semester_id, subject_id) VALUES ('Ema Arevalo', 'C2', 32, 2, 29);
INSERT INTO courses(assigned_teachers, name, total_quotes, semester_id, subject_id) VALUES ('Diego T', 'C1', 30, 1, 30);
INSERT INTO courses(assigned_teachers, name, total_quotes, semester_id, subject_id) VALUES ('Diego T', 'C2', 32, 1, 30);
INSERT INTO courses(assigned_teachers, name, total_quotes, semester_id, subject_id) VALUES ('Jano', 'C1', 30, 2, 31);
INSERT INTO courses(assigned_teachers, name, total_quotes, semester_id, subject_id) VALUES ('Jano', 'C2', 32, 2, 31);
INSERT INTO courses(assigned_teachers, name, total_quotes, semester_id, subject_id) VALUES ('Claudia', 'C1', 30, 2, 32);
INSERT INTO courses(assigned_teachers, name, total_quotes, semester_id, subject_id) VALUES ('Claudia', 'C2', 32, 2, 32);
INSERT INTO courses(assigned_teachers, name, total_quotes, semester_id, subject_id) VALUES ('Marcelo', 'C1', 30, 2, 33);
INSERT INTO courses(assigned_teachers, name, total_quotes, semester_id, subject_id) VALUES ('Marcelo', 'C2', 32, 2, 33);
INSERT INTO courses(assigned_teachers, name, total_quotes, semester_id, subject_id) VALUES ('Jano', 'C1', 30, 2, 34);
INSERT INTO courses(assigned_teachers, name, total_quotes, semester_id, subject_id) VALUES ('Jano', 'C2', 32, 2, 34);
INSERT INTO courses(assigned_teachers, name, total_quotes, semester_id, subject_id) VALUES ('Juan Perez', 'C1', 30, 2, 35);
INSERT INTO courses(assigned_teachers, name, total_quotes, semester_id, subject_id) VALUES ('Juan Perez', 'C2', 32, 2, 35);
INSERT INTO courses(assigned_teachers, name, total_quotes, semester_id, subject_id) VALUES ('Susana', 'C1', 30, 2, 36);
INSERT INTO courses(assigned_teachers, name, total_quotes, semester_id, subject_id) VALUES ('Susana', 'C2', 32, 2, 36);
INSERT INTO courses(assigned_teachers, name, total_quotes, semester_id, subject_id) VALUES ('Juan Perez', 'C1', 30, 2, 37);
INSERT INTO courses(assigned_teachers, name, total_quotes, semester_id, subject_id) VALUES ('Juan Perez', 'C2', 32, 2, 37);
INSERT INTO courses(assigned_teachers, name, total_quotes, semester_id, subject_id) VALUES ('Lucas', 'C1', 30, 2, 38);
INSERT INTO courses(assigned_teachers, name, total_quotes, semester_id, subject_id) VALUES ('Lucas', 'C2', 32, 2, 38);
INSERT INTO courses(assigned_teachers, name, total_quotes, semester_id, subject_id) VALUES ('Gabriela Arévalo', 'C1', 30, 2, 39);
INSERT INTO courses(assigned_teachers, name, total_quotes, semester_id, subject_id) VALUES ('Gabriela Arévalo', 'C2', 32, 2, 39);
INSERT INTO courses(assigned_teachers, name, total_quotes, semester_id, subject_id) VALUES ('Gabriela Arévalo', 'C1', 30, 2, 40);
INSERT INTO courses(assigned_teachers, name, total_quotes, semester_id, subject_id) VALUES ('Gabriela Arévalo', 'C2', 32, 2, 40);
INSERT INTO courses(assigned_teachers, name, total_quotes, semester_id, subject_id) VALUES ('Juliana', 'C1', 30, 2, 41);
INSERT INTO courses(assigned_teachers, name, total_quotes, semester_id, subject_id) VALUES ('Juliana', 'C2', 32, 2, 41);
INSERT INTO courses(assigned_teachers, name, total_quotes, semester_id, subject_id) VALUES ('Fede Sawady', 'C1', 30, 2, 42);
INSERT INTO courses(assigned_teachers, name, total_quotes, semester_id, subject_id) VALUES ('Fede Sawady', 'C2', 32, 2, 42);
INSERT INTO courses(assigned_teachers, name, total_quotes, semester_id, subject_id) VALUES ('Flavia Saldaña', 'C1', 30, 2, 43);
INSERT INTO courses(assigned_teachers, name, total_quotes, semester_id, subject_id) VALUES ('Flavia Saldaña', 'C2', 32, 2, 43);
INSERT INTO courses(assigned_teachers, name, total_quotes, semester_id, subject_id) VALUES ('Jano', 'C1', 30, 2, 44);
INSERT INTO courses(assigned_teachers, name, total_quotes, semester_id, subject_id) VALUES ('Jano', 'C2', 32, 2, 44);
INSERT INTO courses(assigned_teachers, name, total_quotes, semester_id, subject_id) VALUES ('Diego T', 'C1', 30, 2, 45);
INSERT INTO courses(assigned_teachers, name, total_quotes, semester_id, subject_id) VALUES ('Diego T', 'C2', 32, 2, 45);
INSERT INTO courses(assigned_teachers, name, total_quotes, semester_id, subject_id) VALUES ('Marcelo', 'C1', 30, 2, 46);
INSERT INTO courses(assigned_teachers, name, total_quotes, semester_id, subject_id) VALUES ('Marcelo', 'C2', 32, 2, 46);
INSERT INTO courses(assigned_teachers, name, total_quotes, semester_id, subject_id) VALUES ('Fede Sawady', 'C1', 30, 2, 47);
INSERT INTO courses(assigned_teachers, name, total_quotes, semester_id, subject_id) VALUES ('Fede Sawady', 'C2', 32, 2, 47);
INSERT INTO courses(assigned_teachers, name, total_quotes, semester_id, subject_id) VALUES ('Gabriela Arévalo', 'C1', 30, 2, 48);
INSERT INTO courses(assigned_teachers, name, total_quotes, semester_id, subject_id) VALUES ('Gabriela Arévalo', 'C2', 32, 2, 48);
INSERT INTO courses(assigned_teachers, name, total_quotes, semester_id, subject_id) VALUES ('Maximo', 'C1', 30, 2, 49);
INSERT INTO courses(assigned_teachers, name, total_quotes, semester_id, subject_id) VALUES ('Maximo', 'C2', 32, 2, 49);
INSERT INTO courses(assigned_teachers, name, total_quotes, semester_id, subject_id) VALUES ('Pepe Grillo', 'C1', 30, 2, 50);
INSERT INTO courses(assigned_teachers, name, total_quotes, semester_id, subject_id) VALUES ('Pepe Grillo', 'C2', 32, 2, 50);
INSERT INTO courses(assigned_teachers, name, total_quotes, semester_id, subject_id) VALUES ('Pepe Grillo', 'C1', 30, 2, 51);
INSERT INTO courses(assigned_teachers, name, total_quotes, semester_id, subject_id) VALUES ('Pepe Grillo', 'C2', 32, 2, 51);
INSERT INTO courses(assigned_teachers, name, total_quotes, semester_id, subject_id) VALUES ('Pepe Grillo', 'C1', 30, 2, 52);
INSERT INTO courses(assigned_teachers, name, total_quotes, semester_id, subject_id) VALUES ('Pepe Grillo', 'C2', 32, 2, 52);
INSERT INTO courses(assigned_teachers, name, total_quotes, semester_id, subject_id) VALUES ('Liliana', 'C1', 30, 2, 53);
INSERT INTO courses(assigned_teachers, name, total_quotes, semester_id, subject_id) VALUES ('Liliana', 'C2', 32, 2, 53);
INSERT INTO courses(assigned_teachers, name, total_quotes, semester_id, subject_id) VALUES ('Liliana', 'C1', 30, 2, 54);
INSERT INTO courses(assigned_teachers, name, total_quotes, semester_id, subject_id) VALUES ('Liliana', 'C2', 32, 2, 54);
INSERT INTO courses(assigned_teachers, name, total_quotes, semester_id, subject_id) VALUES ('Feli', 'C1', 30, 2, 55);
INSERT INTO courses(assigned_teachers, name, total_quotes, semester_id, subject_id) VALUES ('Feli', 'C2', 32, 2, 55);

-- Quote requests:
INSERT INTO quote_requests(comment, state, course_id, student_id, admin_comment, created_on) VALUES ('No puedo por horario de trabajo', 0, 1, 1, 'Lo voy a pensar con Gabi', '2022-03-02 03:30:00'::timestamp);
INSERT INTO quote_requests(comment, state, course_id, student_id, admin_comment, created_on) VALUES ('No puedo por horario de trabajo', 0, 3, 1, 'Mmmm revisar bien porque ...', '2022-03-01 03:15:00'::timestamp);
INSERT INTO quote_requests(comment, state, course_id, student_id, admin_comment, created_on) VALUES ('No puedo por horario de trabajo', 0, 5, 1, '', '2022-03-02 06:00:00'::timestamp);
INSERT INTO quote_requests(comment, state, course_id, student_id, admin_comment, created_on) VALUES ('No puedo por horario de trabajo', 0, 7, 1, '', '2022-03-02 09:00:00'::timestamp);
INSERT INTO quote_requests(comment, state, course_id, student_id, admin_comment, created_on) VALUES ('No puedo por horario de trabajo', 0, 9, 1, '', '2022-03-02 10:32:00'::timestamp);
INSERT INTO quote_requests(comment, state, course_id, student_id, admin_comment, created_on) VALUES ('No puedo por horario de trabajo', 0, 11, 1, '', '2022-03-03 07:00:00'::timestamp);
INSERT INTO quote_requests(comment, state, course_id, student_id, admin_comment, created_on) VALUES ('No puedo por horario de trabajo', 0, 1, 2, '', '2022-03-05 03:00:00'::timestamp);
INSERT INTO quote_requests(comment, state, course_id, student_id, admin_comment, created_on) VALUES ('No puedo por horario de trabajo', 0, 3, 2, '', '2022-03-06 13:00:00'::timestamp);
INSERT INTO quote_requests(comment, state, course_id, student_id, admin_comment, created_on) VALUES ('No puedo por horario de trabajo', 0, 5, 2, '', '2022-03-07 23:00:00'::timestamp);
INSERT INTO quote_requests(comment, state, course_id, student_id, admin_comment, created_on) VALUES ('No puedo por horario de trabajo', 0, 7, 2, '', '2022-03-17 00:00:00'::timestamp);
INSERT INTO quote_requests(comment, state, course_id, student_id, admin_comment, created_on) VALUES ('No puedo por horario de trabajo', 0, 9, 2, '', '2022-03-20 15:30:00'::timestamp);
INSERT INTO quote_requests(comment, state, course_id, student_id, admin_comment, created_on) VALUES ('No puedo por horario de trabajo', 0, 2, 3, 'Lo veo complicado :S', '2022-03-09 09:33:33'::timestamp);

-- Student enrolled courses:
INSERT INTO student_enrolled_course(student_id, course_id) VALUES (1, 23);

-- Hours:
INSERT INTO hours(_day, _from, _to) VALUES (1, '09:00', '13:00');
INSERT INTO hours(_day, _from, _to) VALUES (2, '14:00', '18:00');
INSERT INTO hours(_day, _from, _to) VALUES (3, '18:00', '21:00');
INSERT INTO hours(_day, _from, _to) VALUES (4, '18:00', '22:00');
INSERT INTO hours(_day, _from, _to) VALUES (1, '09:00', '13:00');
INSERT INTO hours(_day, _from, _to) VALUES (2, '14:00', '18:00');
INSERT INTO hours(_day, _from, _to) VALUES (3, '18:00', '21:00');
INSERT INTO hours(_day, _from, _to) VALUES (4, '18:00', '22:00');
INSERT INTO hours(_day, _from, _to) VALUES (1, '09:00', '13:00');
INSERT INTO hours(_day, _from, _to) VALUES (2, '14:00', '18:00');
INSERT INTO hours(_day, _from, _to) VALUES (3, '18:00', '21:00');
INSERT INTO hours(_day, _from, _to) VALUES (4, '18:00', '22:00');
INSERT INTO hours(_day, _from, _to) VALUES (1, '09:00', '13:00');
INSERT INTO hours(_day, _from, _to) VALUES (2, '14:00', '18:00');
INSERT INTO hours(_day, _from, _to) VALUES (3, '18:00', '21:00');
INSERT INTO hours(_day, _from, _to) VALUES (4, '18:00', '22:00');
INSERT INTO hours(_day, _from, _to) VALUES (1, '09:00', '13:00');
INSERT INTO hours(_day, _from, _to) VALUES (2, '14:00', '18:00');
INSERT INTO hours(_day, _from, _to) VALUES (3, '18:00', '21:00');
INSERT INTO hours(_day, _from, _to) VALUES (4, '18:00', '22:00');
INSERT INTO hours(_day, _from, _to) VALUES (1, '09:00', '13:00');
INSERT INTO hours(_day, _from, _to) VALUES (2, '14:00', '18:00');
INSERT INTO hours(_day, _from, _to) VALUES (3, '18:00', '21:00');
INSERT INTO hours(_day, _from, _to) VALUES (4, '18:00', '22:00');
INSERT INTO hours(_day, _from, _to) VALUES (1, '09:00', '13:00');
INSERT INTO hours(_day, _from, _to) VALUES (2, '14:00', '18:00');
INSERT INTO hours(_day, _from, _to) VALUES (3, '18:00', '21:00');
INSERT INTO hours(_day, _from, _to) VALUES (4, '18:00', '22:00');
INSERT INTO hours(_day, _from, _to) VALUES (1, '09:00', '13:00');
INSERT INTO hours(_day, _from, _to) VALUES (2, '14:00', '18:00');
INSERT INTO hours(_day, _from, _to) VALUES (3, '18:00', '21:00');
INSERT INTO hours(_day, _from, _to) VALUES (4, '18:00', '22:00');
INSERT INTO hours(_day, _from, _to) VALUES (1, '09:00', '13:00');
INSERT INTO hours(_day, _from, _to) VALUES (2, '14:00', '18:00');
INSERT INTO hours(_day, _from, _to) VALUES (3, '18:00', '21:00');
INSERT INTO hours(_day, _from, _to) VALUES (4, '18:00', '22:00');
INSERT INTO hours(_day, _from, _to) VALUES (1, '09:00', '13:00');
INSERT INTO hours(_day, _from, _to) VALUES (2, '14:00', '18:00');
INSERT INTO hours(_day, _from, _to) VALUES (3, '18:00', '21:00');
INSERT INTO hours(_day, _from, _to) VALUES (4, '18:00', '22:00');
INSERT INTO hours(_day, _from, _to) VALUES (1, '09:00', '13:00');
INSERT INTO hours(_day, _from, _to) VALUES (2, '14:00', '18:00');
INSERT INTO hours(_day, _from, _to) VALUES (3, '18:00', '21:00');
INSERT INTO hours(_day, _from, _to) VALUES (4, '18:00', '22:00');
INSERT INTO hours(_day, _from, _to) VALUES (1, '09:00', '13:00');
INSERT INTO hours(_day, _from, _to) VALUES (2, '14:00', '18:00');
INSERT INTO hours(_day, _from, _to) VALUES (3, '18:00', '21:00');
INSERT INTO hours(_day, _from, _to) VALUES (4, '18:00', '22:00');
INSERT INTO hours(_day, _from, _to) VALUES (1, '09:00', '13:00');
INSERT INTO hours(_day, _from, _to) VALUES (2, '14:00', '18:00');
INSERT INTO hours(_day, _from, _to) VALUES (3, '18:00', '21:00');
INSERT INTO hours(_day, _from, _to) VALUES (4, '18:00', '22:00');
INSERT INTO hours(_day, _from, _to) VALUES (1, '09:00', '13:00');
INSERT INTO hours(_day, _from, _to) VALUES (2, '14:00', '18:00');
INSERT INTO hours(_day, _from, _to) VALUES (3, '18:00', '21:00');
INSERT INTO hours(_day, _from, _to) VALUES (4, '18:00', '22:00');
INSERT INTO hours(_day, _from, _to) VALUES (1, '09:00', '13:00');
INSERT INTO hours(_day, _from, _to) VALUES (2, '14:00', '18:00');
INSERT INTO hours(_day, _from, _to) VALUES (3, '18:00', '21:00');
INSERT INTO hours(_day, _from, _to) VALUES (4, '18:00', '22:00');
INSERT INTO hours(_day, _from, _to) VALUES (1, '09:00', '13:00');
INSERT INTO hours(_day, _from, _to) VALUES (2, '14:00', '18:00');
INSERT INTO hours(_day, _from, _to) VALUES (3, '18:00', '21:00');
INSERT INTO hours(_day, _from, _to) VALUES (4, '18:00', '22:00');
INSERT INTO hours(_day, _from, _to) VALUES (1, '09:00', '13:00');
INSERT INTO hours(_day, _from, _to) VALUES (2, '14:00', '18:00');
INSERT INTO hours(_day, _from, _to) VALUES (3, '18:00', '21:00');
INSERT INTO hours(_day, _from, _to) VALUES (4, '18:00', '22:00');
INSERT INTO hours(_day, _from, _to) VALUES (1, '09:00', '13:00');
INSERT INTO hours(_day, _from, _to) VALUES (2, '14:00', '18:00');
INSERT INTO hours(_day, _from, _to) VALUES (3, '18:00', '21:00');
INSERT INTO hours(_day, _from, _to) VALUES (4, '18:00', '22:00');
INSERT INTO hours(_day, _from, _to) VALUES (1, '09:00', '13:00');
INSERT INTO hours(_day, _from, _to) VALUES (2, '14:00', '18:00');
INSERT INTO hours(_day, _from, _to) VALUES (3, '18:00', '21:00');
INSERT INTO hours(_day, _from, _to) VALUES (4, '18:00', '22:00');
INSERT INTO hours(_day, _from, _to) VALUES (1, '09:00', '13:00');
INSERT INTO hours(_day, _from, _to) VALUES (2, '14:00', '18:00');
INSERT INTO hours(_day, _from, _to) VALUES (3, '18:00', '21:00');
INSERT INTO hours(_day, _from, _to) VALUES (4, '18:00', '22:00');
INSERT INTO hours(_day, _from, _to) VALUES (1, '09:00', '13:00');
INSERT INTO hours(_day, _from, _to) VALUES (2, '14:00', '18:00');
INSERT INTO hours(_day, _from, _to) VALUES (3, '18:00', '21:00');
INSERT INTO hours(_day, _from, _to) VALUES (4, '18:00', '22:00');
INSERT INTO hours(_day, _from, _to) VALUES (1, '09:00', '13:00');
INSERT INTO hours(_day, _from, _to) VALUES (2, '14:00', '18:00');
INSERT INTO hours(_day, _from, _to) VALUES (3, '18:00', '21:00');
INSERT INTO hours(_day, _from, _to) VALUES (4, '18:00', '22:00');
INSERT INTO hours(_day, _from, _to) VALUES (1, '09:00', '13:00');
INSERT INTO hours(_day, _from, _to) VALUES (2, '14:00', '18:00');
INSERT INTO hours(_day, _from, _to) VALUES (3, '18:00', '21:00');
INSERT INTO hours(_day, _from, _to) VALUES (4, '18:00', '22:00');
INSERT INTO hours(_day, _from, _to) VALUES (1, '09:00', '13:00');
INSERT INTO hours(_day, _from, _to) VALUES (2, '14:00', '18:00');
INSERT INTO hours(_day, _from, _to) VALUES (3, '18:00', '21:00');
INSERT INTO hours(_day, _from, _to) VALUES (4, '18:00', '22:00');
INSERT INTO hours(_day, _from, _to) VALUES (1, '09:00', '13:00');
INSERT INTO hours(_day, _from, _to) VALUES (2, '14:00', '18:00');
INSERT INTO hours(_day, _from, _to) VALUES (3, '18:00', '21:00');
INSERT INTO hours(_day, _from, _to) VALUES (4, '18:00', '22:00');
INSERT INTO hours(_day, _from, _to) VALUES (1, '09:00', '13:00');
INSERT INTO hours(_day, _from, _to) VALUES (2, '14:00', '18:00');
INSERT INTO hours(_day, _from, _to) VALUES (3, '18:00', '21:00');
INSERT INTO hours(_day, _from, _to) VALUES (4, '18:00', '22:00');
INSERT INTO hours(_day, _from, _to) VALUES (1, '09:00', '13:00');
INSERT INTO hours(_day, _from, _to) VALUES (2, '14:00', '18:00');
INSERT INTO hours(_day, _from, _to) VALUES (3, '18:00', '21:00');
INSERT INTO hours(_day, _from, _to) VALUES (4, '18:00', '22:00');
INSERT INTO hours(_day, _from, _to) VALUES (1, '09:00', '13:00');
INSERT INTO hours(_day, _from, _to) VALUES (2, '14:00', '18:00');
INSERT INTO hours(_day, _from, _to) VALUES (3, '18:00', '21:00');
INSERT INTO hours(_day, _from, _to) VALUES (4, '18:00', '22:00');
INSERT INTO hours(_day, _from, _to) VALUES (1, '09:00', '13:00');
INSERT INTO hours(_day, _from, _to) VALUES (2, '14:00', '18:00');
INSERT INTO hours(_day, _from, _to) VALUES (3, '18:00', '21:00');
INSERT INTO hours(_day, _from, _to) VALUES (4, '18:00', '22:00');
INSERT INTO hours(_day, _from, _to) VALUES (1, '09:00', '13:00');
INSERT INTO hours(_day, _from, _to) VALUES (2, '14:00', '18:00');
INSERT INTO hours(_day, _from, _to) VALUES (3, '18:00', '21:00');
INSERT INTO hours(_day, _from, _to) VALUES (4, '18:00', '22:00');
INSERT INTO hours(_day, _from, _to) VALUES (1, '09:00', '13:00');
INSERT INTO hours(_day, _from, _to) VALUES (2, '14:00', '18:00');
INSERT INTO hours(_day, _from, _to) VALUES (3, '18:00', '21:00');
INSERT INTO hours(_day, _from, _to) VALUES (4, '18:00', '22:00');
INSERT INTO hours(_day, _from, _to) VALUES (1, '09:00', '13:00');
INSERT INTO hours(_day, _from, _to) VALUES (2, '14:00', '18:00');
INSERT INTO hours(_day, _from, _to) VALUES (3, '18:00', '21:00');
INSERT INTO hours(_day, _from, _to) VALUES (4, '18:00', '22:00');
INSERT INTO hours(_day, _from, _to) VALUES (1, '09:00', '13:00');
INSERT INTO hours(_day, _from, _to) VALUES (2, '14:00', '18:00');
INSERT INTO hours(_day, _from, _to) VALUES (3, '18:00', '21:00');
INSERT INTO hours(_day, _from, _to) VALUES (4, '18:00', '22:00');
INSERT INTO hours(_day, _from, _to) VALUES (1, '09:00', '13:00');
INSERT INTO hours(_day, _from, _to) VALUES (2, '14:00', '18:00');
INSERT INTO hours(_day, _from, _to) VALUES (3, '18:00', '21:00');
INSERT INTO hours(_day, _from, _to) VALUES (4, '18:00', '22:00');
INSERT INTO hours(_day, _from, _to) VALUES (1, '09:00', '13:00');
INSERT INTO hours(_day, _from, _to) VALUES (2, '14:00', '18:00');
INSERT INTO hours(_day, _from, _to) VALUES (3, '18:00', '21:00');
INSERT INTO hours(_day, _from, _to) VALUES (4, '18:00', '22:00');
INSERT INTO hours(_day, _from, _to) VALUES (1, '09:00', '13:00');
INSERT INTO hours(_day, _from, _to) VALUES (2, '14:00', '18:00');
INSERT INTO hours(_day, _from, _to) VALUES (3, '18:00', '21:00');
INSERT INTO hours(_day, _from, _to) VALUES (4, '18:00', '22:00');
INSERT INTO hours(_day, _from, _to) VALUES (1, '09:00', '13:00');
INSERT INTO hours(_day, _from, _to) VALUES (2, '14:00', '18:00');
INSERT INTO hours(_day, _from, _to) VALUES (3, '18:00', '21:00');
INSERT INTO hours(_day, _from, _to) VALUES (4, '18:00', '22:00');
INSERT INTO hours(_day, _from, _to) VALUES (1, '09:00', '13:00');
INSERT INTO hours(_day, _from, _to) VALUES (2, '14:00', '18:00');
INSERT INTO hours(_day, _from, _to) VALUES (3, '18:00', '21:00');
INSERT INTO hours(_day, _from, _to) VALUES (4, '18:00', '22:00');
INSERT INTO hours(_day, _from, _to) VALUES (1, '09:00', '13:00');
INSERT INTO hours(_day, _from, _to) VALUES (2, '14:00', '18:00');
INSERT INTO hours(_day, _from, _to) VALUES (3, '18:00', '21:00');
INSERT INTO hours(_day, _from, _to) VALUES (4, '18:00', '22:00');
INSERT INTO hours(_day, _from, _to) VALUES (1, '09:00', '13:00');
INSERT INTO hours(_day, _from, _to) VALUES (2, '14:00', '18:00');
INSERT INTO hours(_day, _from, _to) VALUES (3, '18:00', '21:00');
INSERT INTO hours(_day, _from, _to) VALUES (4, '18:00', '22:00');
INSERT INTO hours(_day, _from, _to) VALUES (1, '09:00', '13:00');
INSERT INTO hours(_day, _from, _to) VALUES (2, '14:00', '18:00');
INSERT INTO hours(_day, _from, _to) VALUES (3, '18:00', '21:00');
INSERT INTO hours(_day, _from, _to) VALUES (4, '18:00', '22:00');
INSERT INTO hours(_day, _from, _to) VALUES (1, '09:00', '13:00');
INSERT INTO hours(_day, _from, _to) VALUES (2, '14:00', '18:00');
INSERT INTO hours(_day, _from, _to) VALUES (3, '18:00', '21:00');
INSERT INTO hours(_day, _from, _to) VALUES (4, '18:00', '22:00');
INSERT INTO hours(_day, _from, _to) VALUES (1, '09:00', '13:00');
INSERT INTO hours(_day, _from, _to) VALUES (2, '14:00', '18:00');
INSERT INTO hours(_day, _from, _to) VALUES (3, '18:00', '21:00');
INSERT INTO hours(_day, _from, _to) VALUES (4, '18:00', '22:00');
INSERT INTO hours(_day, _from, _to) VALUES (1, '09:00', '13:00');
INSERT INTO hours(_day, _from, _to) VALUES (2, '14:00', '18:00');
INSERT INTO hours(_day, _from, _to) VALUES (3, '18:00', '21:00');
INSERT INTO hours(_day, _from, _to) VALUES (4, '18:00', '22:00');
INSERT INTO hours(_day, _from, _to) VALUES (1, '09:00', '13:00');
INSERT INTO hours(_day, _from, _to) VALUES (2, '14:00', '18:00');
INSERT INTO hours(_day, _from, _to) VALUES (3, '18:00', '21:00');
INSERT INTO hours(_day, _from, _to) VALUES (4, '18:00', '22:00');
INSERT INTO hours(_day, _from, _to) VALUES (1, '09:00', '13:00');
INSERT INTO hours(_day, _from, _to) VALUES (2, '14:00', '18:00');
INSERT INTO hours(_day, _from, _to) VALUES (3, '18:00', '21:00');
INSERT INTO hours(_day, _from, _to) VALUES (4, '18:00', '22:00');
INSERT INTO hours(_day, _from, _to) VALUES (1, '09:00', '13:00');
INSERT INTO hours(_day, _from, _to) VALUES (2, '14:00', '18:00');
INSERT INTO hours(_day, _from, _to) VALUES (3, '18:00', '21:00');
INSERT INTO hours(_day, _from, _to) VALUES (4, '18:00', '22:00');
INSERT INTO hours(_day, _from, _to) VALUES (1, '09:00', '13:00');
INSERT INTO hours(_day, _from, _to) VALUES (2, '14:00', '18:00');
INSERT INTO hours(_day, _from, _to) VALUES (3, '18:00', '21:00');
INSERT INTO hours(_day, _from, _to) VALUES (4, '18:00', '22:00');
INSERT INTO hours(_day, _from, _to) VALUES (1, '09:00', '13:00');
INSERT INTO hours(_day, _from, _to) VALUES (2, '14:00', '18:00');
INSERT INTO hours(_day, _from, _to) VALUES (3, '18:00', '21:00');
INSERT INTO hours(_day, _from, _to) VALUES (4, '18:00', '22:00');
INSERT INTO hours(_day, _from, _to) VALUES (1, '09:00', '13:00');
INSERT INTO hours(_day, _from, _to) VALUES (2, '14:00', '18:00');
INSERT INTO hours(_day, _from, _to) VALUES (3, '18:00', '21:00');
INSERT INTO hours(_day, _from, _to) VALUES (4, '18:00', '22:00');
INSERT INTO hours(_day, _from, _to) VALUES (2, '14:00', '18:00');
INSERT INTO hours(_day, _from, _to) VALUES (3, '18:00', '21:00');
INSERT INTO hours(_day, _from, _to) VALUES (4, '18:00', '22:00');
INSERT INTO hours(_day, _from, _to) VALUES (2, '14:00', '18:00');
INSERT INTO hours(_day, _from, _to) VALUES (3, '18:00', '21:00');
INSERT INTO hours(_day, _from, _to) VALUES (4, '18:00', '22:00');
INSERT INTO hours(_day, _from, _to) VALUES (2, '14:00', '18:00');
INSERT INTO hours(_day, _from, _to) VALUES (3, '18:00', '21:00');
INSERT INTO hours(_day, _from, _to) VALUES (4, '18:00', '22:00');

-- Course hours:
INSERT INTO courses_hours(course_id, hours_id) VALUES (1, 1);
INSERT INTO courses_hours(course_id, hours_id) VALUES (1, 2);
INSERT INTO courses_hours(course_id, hours_id) VALUES (2, 3);
INSERT INTO courses_hours(course_id, hours_id) VALUES (2, 4);
INSERT INTO courses_hours(course_id, hours_id) VALUES (3, 5);
INSERT INTO courses_hours(course_id, hours_id) VALUES (3, 6);
INSERT INTO courses_hours(course_id, hours_id) VALUES (4, 7);
INSERT INTO courses_hours(course_id, hours_id) VALUES (4, 8);
INSERT INTO courses_hours(course_id, hours_id) VALUES (5, 9);
INSERT INTO courses_hours(course_id, hours_id) VALUES (5, 10);
INSERT INTO courses_hours(course_id, hours_id) VALUES (6, 11);
INSERT INTO courses_hours(course_id, hours_id) VALUES (6, 12);
INSERT INTO courses_hours(course_id, hours_id) VALUES (7, 13);
INSERT INTO courses_hours(course_id, hours_id) VALUES (7, 14);
INSERT INTO courses_hours(course_id, hours_id) VALUES (8, 15);
INSERT INTO courses_hours(course_id, hours_id) VALUES (9, 16);
INSERT INTO courses_hours(course_id, hours_id) VALUES (10, 17);
INSERT INTO courses_hours(course_id, hours_id) VALUES (10, 18);
INSERT INTO courses_hours(course_id, hours_id) VALUES (11, 19);
INSERT INTO courses_hours(course_id, hours_id) VALUES (11, 20);
INSERT INTO courses_hours(course_id, hours_id) VALUES (12, 21);
INSERT INTO courses_hours(course_id, hours_id) VALUES (12, 22);
INSERT INTO courses_hours(course_id, hours_id) VALUES (13, 23);
INSERT INTO courses_hours(course_id, hours_id) VALUES (13, 24);
INSERT INTO courses_hours(course_id, hours_id) VALUES (14, 25);
INSERT INTO courses_hours(course_id, hours_id) VALUES (14, 26);
INSERT INTO courses_hours(course_id, hours_id) VALUES (15, 27);
INSERT INTO courses_hours(course_id, hours_id) VALUES (15, 28);
INSERT INTO courses_hours(course_id, hours_id) VALUES (16, 29);
INSERT INTO courses_hours(course_id, hours_id) VALUES (16, 30);
INSERT INTO courses_hours(course_id, hours_id) VALUES (17, 31);
INSERT INTO courses_hours(course_id, hours_id) VALUES (18, 32);
INSERT INTO courses_hours(course_id, hours_id) VALUES (18, 33);
INSERT INTO courses_hours(course_id, hours_id) VALUES (19, 34);
INSERT INTO courses_hours(course_id, hours_id) VALUES (19, 35);
INSERT INTO courses_hours(course_id, hours_id) VALUES (20, 36);
INSERT INTO courses_hours(course_id, hours_id) VALUES (20, 37);
INSERT INTO courses_hours(course_id, hours_id) VALUES (21, 38);
INSERT INTO courses_hours(course_id, hours_id) VALUES (21, 39);
INSERT INTO courses_hours(course_id, hours_id) VALUES (22, 40);
INSERT INTO courses_hours(course_id, hours_id) VALUES (22, 41);
INSERT INTO courses_hours(course_id, hours_id) VALUES (23, 42);
INSERT INTO courses_hours(course_id, hours_id) VALUES (23, 43);
INSERT INTO courses_hours(course_id, hours_id) VALUES (24, 44);
INSERT INTO courses_hours(course_id, hours_id) VALUES (24, 45);
INSERT INTO courses_hours(course_id, hours_id) VALUES (25, 46);
INSERT INTO courses_hours(course_id, hours_id) VALUES (25, 47);
INSERT INTO courses_hours(course_id, hours_id) VALUES (26, 48);
INSERT INTO courses_hours(course_id, hours_id) VALUES (26, 49);
INSERT INTO courses_hours(course_id, hours_id) VALUES (27, 50);
INSERT INTO courses_hours(course_id, hours_id) VALUES (27, 51);
INSERT INTO courses_hours(course_id, hours_id) VALUES (28, 52);
INSERT INTO courses_hours(course_id, hours_id) VALUES (28, 53);
INSERT INTO courses_hours(course_id, hours_id) VALUES (29, 54);
INSERT INTO courses_hours(course_id, hours_id) VALUES (29, 55);
INSERT INTO courses_hours(course_id, hours_id) VALUES (30, 56);
INSERT INTO courses_hours(course_id, hours_id) VALUES (30, 57);
INSERT INTO courses_hours(course_id, hours_id) VALUES (31, 58);
INSERT INTO courses_hours(course_id, hours_id) VALUES (31, 59);
INSERT INTO courses_hours(course_id, hours_id) VALUES (32, 60);
INSERT INTO courses_hours(course_id, hours_id) VALUES (32, 61);
INSERT INTO courses_hours(course_id, hours_id) VALUES (33, 62);
INSERT INTO courses_hours(course_id, hours_id) VALUES (33, 63);
INSERT INTO courses_hours(course_id, hours_id) VALUES (34, 64);
INSERT INTO courses_hours(course_id, hours_id) VALUES (34, 65);
INSERT INTO courses_hours(course_id, hours_id) VALUES (35, 66);
INSERT INTO courses_hours(course_id, hours_id) VALUES (35, 67);
INSERT INTO courses_hours(course_id, hours_id) VALUES (36, 68);
INSERT INTO courses_hours(course_id, hours_id) VALUES (36, 69);
INSERT INTO courses_hours(course_id, hours_id) VALUES (37, 70);
INSERT INTO courses_hours(course_id, hours_id) VALUES (37, 71);
INSERT INTO courses_hours(course_id, hours_id) VALUES (38, 72);
INSERT INTO courses_hours(course_id, hours_id) VALUES (38, 73);
INSERT INTO courses_hours(course_id, hours_id) VALUES (39, 74);
INSERT INTO courses_hours(course_id, hours_id) VALUES (39, 75);
INSERT INTO courses_hours(course_id, hours_id) VALUES (40, 76);
INSERT INTO courses_hours(course_id, hours_id) VALUES (40, 77);
INSERT INTO courses_hours(course_id, hours_id) VALUES (41, 78);
INSERT INTO courses_hours(course_id, hours_id) VALUES (41, 79);
INSERT INTO courses_hours(course_id, hours_id) VALUES (42, 80);
INSERT INTO courses_hours(course_id, hours_id) VALUES (42, 81);
INSERT INTO courses_hours(course_id, hours_id) VALUES (43, 82);
INSERT INTO courses_hours(course_id, hours_id) VALUES (43, 83);
INSERT INTO courses_hours(course_id, hours_id) VALUES (44, 84);
INSERT INTO courses_hours(course_id, hours_id) VALUES (44, 85);
INSERT INTO courses_hours(course_id, hours_id) VALUES (45, 86);
INSERT INTO courses_hours(course_id, hours_id) VALUES (45, 87);
INSERT INTO courses_hours(course_id, hours_id) VALUES (46, 88);
INSERT INTO courses_hours(course_id, hours_id) VALUES (46, 89);
INSERT INTO courses_hours(course_id, hours_id) VALUES (47, 90);
INSERT INTO courses_hours(course_id, hours_id) VALUES (47, 91);
INSERT INTO courses_hours(course_id, hours_id) VALUES (48, 92);
INSERT INTO courses_hours(course_id, hours_id) VALUES (48, 93);
INSERT INTO courses_hours(course_id, hours_id) VALUES (49, 94);
INSERT INTO courses_hours(course_id, hours_id) VALUES (49, 95);
INSERT INTO courses_hours(course_id, hours_id) VALUES (50, 96);
INSERT INTO courses_hours(course_id, hours_id) VALUES (50, 97);
INSERT INTO courses_hours(course_id, hours_id) VALUES (51, 98);
INSERT INTO courses_hours(course_id, hours_id) VALUES (51, 99);
INSERT INTO courses_hours(course_id, hours_id) VALUES (52, 100);
INSERT INTO courses_hours(course_id, hours_id) VALUES (52, 101);
INSERT INTO courses_hours(course_id, hours_id) VALUES (53, 102);
INSERT INTO courses_hours(course_id, hours_id) VALUES (53, 103);
INSERT INTO courses_hours(course_id, hours_id) VALUES (54, 104);
INSERT INTO courses_hours(course_id, hours_id) VALUES (54, 105);
INSERT INTO courses_hours(course_id, hours_id) VALUES (55, 106);
INSERT INTO courses_hours(course_id, hours_id) VALUES (55, 107);
